# Blender v3.2.1 OBJ File: ''
# www.blender.org
mtllib untitled.mtl
o Model_Model.006
v 0.343248 0.492199 0.028080
v 0.347157 0.503925 0.020262
v 0.397970 0.484381 0.014399
v 0.405788 0.464838 0.028080
v 0.419468 0.437477 0.028080
v 0.419468 0.445294 0.028080
v 0.323705 0.433568 0.028080
v 0.421422 0.431614 0.026125
v 0.425331 0.433568 0.028080
v 0.349111 0.511742 -0.003190
v 0.396016 0.490244 -0.003190
v 0.390153 0.234224 0.022216
v 0.341294 0.363211 0.022216
v 0.397970 0.363211 0.022216
v 0.454647 0.247904 0.022216
v 0.403833 0.380800 0.022216
v 0.333476 0.376892 0.022216
v 0.450738 0.224452 0.020262
v 0.378427 0.210771 0.020262
v 0.341294 0.380800 0.022216
v 0.442920 0.396435 0.022216
v 0.370609 0.230315 0.010490
v 0.321750 0.361257 0.010490
v 0.308070 0.374937 0.014399
v 0.360837 0.206863 0.010490
v 0.347157 0.429659 0.024171
v 0.421422 0.431614 0.026125
v 0.439012 0.429659 0.026125
v 0.474190 0.386663 0.016353
v 0.335431 0.380800 0.020262
v 0.325659 0.414024 0.016353
v 0.321750 0.425750 0.022216
v 0.317842 0.408161 0.014399
v 0.476144 0.249858 -0.003190
v 0.470281 0.228361 -0.003190
v 0.470281 0.249858 0.012445
v 0.466373 0.228361 0.012445
v 0.417514 0.369074 0.012445
v 0.421422 0.369074 -0.003190
v 0.454647 0.247904 0.022216
v 0.397970 0.363211 0.022216
v 0.450738 0.224452 0.020262
v 0.470281 0.228361 -0.003190
v 0.354974 0.206863 -0.003190
v 0.360837 0.206863 0.010490
v 0.466373 0.228361 0.012445
v 0.450738 0.224452 0.020262
v 0.378427 0.210771 0.020262
v 0.370609 0.230315 0.010490
v 0.315887 0.359302 -0.003190
v 0.321750 0.361257 0.010490
v 0.364746 0.230315 -0.003190
v 0.360837 0.206863 0.010490
v 0.354974 0.206863 -0.003190
v 0.308070 0.372983 0.010490
v 0.308070 0.371028 -0.003190
v 0.308070 0.374937 0.014399
v 0.417514 0.369074 0.012445
v 0.403833 0.380800 0.022216
v 0.442920 0.396435 0.022216
v 0.444875 0.388618 0.012445
v 0.397970 0.363211 0.022216
v 0.421422 0.369074 -0.003190
v 0.446829 0.386663 -0.003190
v 0.474190 0.386663 0.016353
v 0.476144 0.376892 -0.003190
v 0.403833 0.458975 0.018308
v 0.405788 0.464838 0.018308
v 0.401879 0.474609 -0.003190
v 0.396016 0.470701 -0.003190
v 0.421422 0.445294 0.020262
v 0.419468 0.437477 0.020262
v 0.433149 0.419887 0.018308
v 0.439012 0.429659 0.018308
v 0.425331 0.433568 0.020262
v 0.427286 0.437477 0.020262
v 0.448783 0.412070 -0.003190
v 0.454647 0.417933 -0.003190
v 0.403833 0.458975 0.018308
v 0.396016 0.470701 -0.003190
v 0.448783 0.412070 -0.003190
v 0.433149 0.419887 0.018308
v 0.419468 0.437477 0.020262
v 0.419468 0.445294 0.028080
v 0.421422 0.445294 0.020262
v 0.419468 0.437477 0.020262
v 0.419468 0.437477 0.028080
v 0.425331 0.433568 0.028080
v 0.425331 0.433568 0.020262
v 0.427286 0.437477 0.020262
v 0.427286 0.435522 0.028080
v 0.425331 0.433568 0.028080
v 0.427286 0.435522 0.028080
v 0.439012 0.429659 0.026125
v 0.421422 0.431614 0.026125
v 0.433149 0.419887 0.018308
v 0.425331 0.433568 0.020262
v 0.419468 0.437477 0.020262
v 0.321750 0.425750 0.022216
v 0.317842 0.408161 0.014399
v 0.321750 0.425750 0.010490
v 0.308070 0.372983 0.010490
v 0.308070 0.374937 0.014399
v 0.321750 0.425750 -0.003190
v 0.321750 0.425750 0.010490
v 0.296344 0.378846 0.010490
v 0.296344 0.376892 -0.003190
v 0.296344 0.378846 0.010490
v 0.308070 0.372983 0.010490
v 0.308070 0.371028 -0.003190
v 0.296344 0.376892 -0.003190
v 0.321750 0.425750 0.010490
v 0.308070 0.372983 0.010490
v 0.296344 0.378846 0.010490
v 0.347157 0.429659 0.024171
v 0.323705 0.433568 0.028080
v 0.421422 0.431614 0.026125
v 0.321750 0.425750 0.022216
v 0.397970 0.484381 0.014399
v 0.401879 0.474609 -0.003190
v 0.405788 0.464838 0.018308
v 0.405788 0.464838 0.028080
v 0.396016 0.490244 -0.003190
v 0.421422 0.445294 0.020262
v 0.419468 0.445294 0.028080
v 0.427286 0.437477 0.020262
v 0.439012 0.429659 0.018308
v 0.439012 0.429659 0.026125
v 0.427286 0.435522 0.028080
v 0.474190 0.386663 0.016353
v 0.454647 0.417933 -0.003190
v 0.474190 0.386663 -0.003190
v 0.476144 0.376892 -0.003190
v 0.349111 0.511742 -0.003190
v 0.347157 0.503925 -0.026642
v 0.397970 0.484381 -0.020779
v 0.396016 0.490244 -0.003190
v 0.397970 0.484381 -0.020779
v 0.343248 0.492199 -0.034460
v 0.405788 0.464838 -0.034460
v 0.419468 0.437477 -0.034460
v 0.419468 0.445294 -0.034460
v 0.323705 0.433568 -0.034460
v 0.423377 0.433568 -0.034460
v 0.397970 0.363211 -0.028597
v 0.341294 0.363211 -0.028597
v 0.390153 0.234224 -0.028597
v 0.454647 0.247904 -0.028597
v 0.403833 0.380800 -0.028597
v 0.333476 0.376892 -0.028597
v 0.450738 0.224452 -0.026642
v 0.378427 0.210771 -0.026642
v 0.341294 0.380800 -0.028597
v 0.442920 0.396435 -0.028597
v 0.370609 0.230315 -0.016871
v 0.321750 0.361257 -0.016871
v 0.308070 0.374937 -0.020779
v 0.360837 0.206863 -0.014916
v 0.347157 0.429659 -0.030551
v 0.423377 0.433568 -0.034460
v 0.439012 0.429659 -0.030551
v 0.474190 0.386663 -0.022734
v 0.335431 0.380800 -0.026642
v 0.325659 0.414024 -0.020779
v 0.321750 0.425750 -0.026642
v 0.317842 0.408161 -0.018825
v 0.476144 0.249858 -0.003190
v 0.470281 0.249858 -0.018825
v 0.470281 0.228361 -0.003190
v 0.466373 0.228361 -0.018825
v 0.417514 0.369074 -0.018825
v 0.421422 0.369074 -0.003190
v 0.454647 0.247904 -0.028597
v 0.397970 0.363211 -0.028597
v 0.450738 0.224452 -0.026642
v 0.360837 0.206863 -0.014916
v 0.354974 0.206863 -0.003190
v 0.470281 0.228361 -0.003190
v 0.466373 0.228361 -0.018825
v 0.450738 0.224452 -0.026642
v 0.378427 0.210771 -0.026642
v 0.321750 0.361257 -0.016871
v 0.315887 0.359302 -0.003190
v 0.370609 0.230315 -0.016871
v 0.364746 0.230315 -0.003190
v 0.360837 0.206863 -0.014916
v 0.354974 0.206863 -0.003190
v 0.308070 0.372983 -0.016871
v 0.308070 0.371028 -0.003190
v 0.308070 0.374937 -0.020779
v 0.403833 0.380800 -0.028597
v 0.417514 0.369074 -0.018825
v 0.442920 0.396435 -0.028597
v 0.444875 0.388618 -0.018825
v 0.397970 0.363211 -0.028597
v 0.421422 0.369074 -0.003190
v 0.446829 0.386663 -0.003190
v 0.474190 0.386663 -0.022734
v 0.476144 0.376892 -0.003190
v 0.403833 0.458975 -0.022734
v 0.396016 0.470701 -0.003190
v 0.401879 0.474609 -0.003190
v 0.405788 0.464838 -0.022734
v 0.421422 0.445294 -0.024688
v 0.419468 0.437477 -0.026642
v 0.425331 0.433568 -0.026642
v 0.439012 0.429659 -0.022734
v 0.433149 0.419887 -0.022734
v 0.427286 0.437477 -0.026642
v 0.448783 0.412070 -0.003190
v 0.454647 0.417933 -0.003190
v 0.419468 0.445294 -0.034460
v 0.419468 0.437477 -0.034460
v 0.419468 0.437477 -0.026642
v 0.421422 0.445294 -0.024688
v 0.423377 0.433568 -0.034460
v 0.425331 0.433568 -0.026642
v 0.427286 0.437477 -0.026642
v 0.427286 0.435522 -0.034460
v 0.427286 0.435522 -0.034460
v 0.423377 0.433568 -0.034460
v 0.439012 0.429659 -0.030551
v 0.419468 0.437477 -0.026642
v 0.425331 0.433568 -0.026642
v 0.433149 0.419887 -0.022734
v 0.403833 0.458975 -0.022734
v 0.419468 0.437477 -0.026642
v 0.433149 0.419887 -0.022734
v 0.448783 0.412070 -0.003190
v 0.396016 0.470701 -0.003190
v 0.321750 0.425750 -0.026642
v 0.321750 0.425750 -0.016871
v 0.317842 0.408161 -0.018825
v 0.308070 0.372983 -0.016871
v 0.308070 0.374937 -0.020779
v 0.321750 0.425750 -0.016871
v 0.321750 0.425750 -0.003190
v 0.296344 0.378846 -0.016871
v 0.296344 0.376892 -0.003190
v 0.308070 0.371028 -0.003190
v 0.308070 0.372983 -0.016871
v 0.296344 0.378846 -0.016871
v 0.296344 0.376892 -0.003190
v 0.321750 0.425750 -0.016871
v 0.296344 0.378846 -0.016871
v 0.308070 0.372983 -0.016871
v 0.323705 0.433568 -0.034460
v 0.347157 0.429659 -0.030551
v 0.423377 0.433568 -0.034460
v 0.321750 0.425750 -0.026642
v 0.405788 0.464838 -0.022734
v 0.401879 0.474609 -0.003190
v 0.397970 0.484381 -0.020779
v 0.405788 0.464838 -0.034460
v 0.397970 0.484381 -0.020779
v 0.396016 0.490244 -0.003190
v 0.421422 0.445294 -0.024688
v 0.419468 0.445294 -0.034460
v 0.476144 0.376892 -0.003190
v 0.474190 0.386663 -0.003190
v 0.474190 0.386663 -0.022734
v 0.454647 0.417933 -0.003190
v 0.439012 0.429659 -0.022734
v 0.439012 0.429659 -0.030551
v 0.427286 0.437477 -0.026642
v 0.427286 0.435522 -0.034460
v 0.298298 0.535195 -0.026642
v 0.091136 0.529331 -0.032506
v 0.294389 0.523468 -0.034460
v 0.206443 0.507833 -0.034460
v 0.093091 0.509788 -0.034460
v 0.081364 0.539103 -0.022734
v 0.177128 0.541057 -0.014916
v 0.300252 0.541057 -0.003190
v 0.177128 0.541057 -0.003190
v 0.347157 0.503925 -0.026642
v 0.349111 0.511742 -0.003190
v -0.082801 0.541057 -0.014916
v -0.049577 0.539103 -0.020779
v -0.082801 0.529331 -0.030551
v -0.057395 0.527377 -0.032506
v -0.055440 0.501970 -0.034460
v -0.082801 0.435522 -0.034460
v 0.210352 0.501970 -0.034460
v 0.343248 0.492199 -0.034460
v 0.323705 0.433568 -0.034460
v 0.204489 0.494153 -0.034460
v 0.095045 0.435522 -0.034460
v 0.122406 0.425750 -0.028597
v 0.321750 0.425750 -0.026642
v -0.047623 0.494153 -0.034460
v 0.036414 0.435522 -0.034460
v -0.037851 0.425750 -0.030551
v 0.040323 0.423796 -0.030551
v 0.057912 0.421842 -0.034460
v -0.082801 0.425750 -0.030551
v -0.045669 0.419887 -0.003190
v -0.082801 0.419887 -0.003190
v 0.073547 0.421842 -0.034460
v 0.091136 0.423796 -0.030551
v 0.057912 0.421842 -0.034460
v 0.040323 0.423796 -0.030551
v 0.091136 0.423796 -0.030551
v 0.073547 0.421842 -0.034460
v -0.037851 0.425750 -0.030551
v -0.037851 0.431614 -0.026642
v 0.040323 0.423796 -0.030551
v 0.122406 0.431614 -0.026642
v 0.091136 0.423796 -0.030551
v 0.122406 0.425750 -0.028597
v 0.122406 0.425750 -0.003190
v 0.122406 0.431614 -0.003190
v 0.122406 0.431614 -0.003190
v -0.037851 0.431614 -0.026642
v -0.045669 0.429659 -0.003190
v 0.122406 0.431614 -0.026642
v -0.082801 0.541057 -0.014916
v -0.082801 0.541057 0.008536
v -0.082801 0.419887 -0.003190
v 0.298298 0.535195 0.020262
v 0.294389 0.523468 0.028080
v -0.082801 0.529331 0.024171
v 0.177128 0.541057 0.008536
v 0.300252 0.541057 -0.003190
v 0.177128 0.541057 -0.003190
v 0.347157 0.503925 0.020262
v 0.349111 0.511742 -0.003190
v -0.082801 0.541057 0.008536
v 0.095045 0.435522 0.028080
v 0.323705 0.433568 0.028080
v 0.122406 0.425750 0.024171
v 0.321750 0.425750 0.022216
v 0.036414 0.435522 0.028080
v -0.082801 0.435522 0.028080
v -0.037851 0.425750 0.024171
v 0.040323 0.423796 0.024171
v 0.057912 0.421842 0.028080
v -0.082801 0.425750 0.024171
v -0.045669 0.419887 -0.003190
v -0.082801 0.419887 -0.003190
v 0.073547 0.421842 0.028080
v 0.091136 0.423796 0.024171
v 0.343248 0.492199 0.028080
v 0.091136 0.423796 0.024171
v 0.040323 0.423796 0.024171
v 0.057912 0.421842 0.028080
v 0.073547 0.421842 0.028080
v 0.122406 0.425750 0.024171
v 0.321750 0.425750 0.022216
v 0.321750 0.425750 0.000719
v 0.122406 0.425750 -0.003190
v -0.037851 0.425750 0.024171
v 0.040323 0.423796 0.024171
v -0.037851 0.431614 0.022216
v 0.122406 0.431614 0.020262
v 0.091136 0.423796 0.024171
v 0.122406 0.425750 0.024171
v 0.122406 0.425750 -0.003190
v 0.122406 0.431614 -0.003190
v -0.045669 0.429659 -0.003190
v -0.037851 0.431614 0.022216
v 0.122406 0.431614 -0.003190
v 0.122406 0.431614 0.020262
v -0.053486 0.525423 -0.011008
v 0.089182 0.507833 -0.014916
v 0.087228 0.525423 -0.011008
v -0.051532 0.500016 -0.014916
v 0.206443 0.498062 -0.014916
v 0.210352 0.501970 -0.014916
v 0.206443 0.507833 -0.014916
v 0.081364 0.539103 -0.022734
v 0.087228 0.525423 -0.011008
v 0.091136 0.529331 -0.032506
v -0.053486 0.525423 -0.011008
v -0.049577 0.539103 -0.020779
v -0.057395 0.527377 -0.032506
v 0.089182 0.507833 -0.014916
v 0.093091 0.509788 -0.034460
v -0.082801 0.425750 0.024171
v -0.082801 0.529331 0.024171
v -0.082801 0.435522 0.028080
v -0.082801 0.419887 -0.003190
v -0.082801 0.541057 0.008536
v -0.082801 0.529331 -0.030551
v -0.082801 0.425750 -0.030551
v -0.082801 0.435522 -0.034460
v -0.082801 0.419887 -0.003190
v -0.082801 0.541057 -0.014916
v -0.051532 0.500016 -0.014916
v -0.053486 0.525423 -0.011008
v -0.057395 0.527377 -0.032506
v -0.055440 0.501970 -0.034460
v -0.047623 0.494153 -0.034460
v 0.206443 0.498062 -0.014916
v 0.204489 0.494153 -0.034460
v 0.210352 0.501970 -0.034460
v 0.210352 0.501970 -0.014916
v 0.206443 0.507833 -0.014916
v 0.206443 0.507833 -0.034460
v 0.321750 0.425750 0.000719
v 0.122406 0.425750 -0.028597
v 0.122406 0.425750 -0.003190
v 0.321750 0.425750 -0.026642
v -0.037851 0.431614 0.022216
v -0.045669 0.419887 -0.003190
v -0.037851 0.425750 0.024171
v -0.045669 0.429659 -0.003190
v -0.045669 0.419887 -0.003190
v -0.037851 0.431614 -0.026642
v -0.037851 0.425750 -0.030551
v -0.045669 0.429659 -0.003190
v -0.082801 0.552784 -0.014916
v 0.177128 0.541057 -0.014916
v 0.177128 0.552784 -0.014916
v -0.082801 0.541057 -0.014916
v -0.082801 0.552784 0.008536
v -0.082801 0.552784 -0.014916
v 0.177128 0.552784 -0.014916
v 0.177128 0.552784 0.008536
v -0.082801 0.541057 -0.014916
v -0.082801 0.552784 -0.014916
v -0.082801 0.541057 -0.003190
v -0.082801 0.552784 0.008536
v -0.082801 0.541057 0.008536
v -0.082801 0.552784 0.008536
v 0.177128 0.552784 0.008536
v 0.177128 0.541057 0.008536
v -0.082801 0.541057 0.008536
v 0.265074 0.568419 -0.007099
v 0.265074 0.568419 -0.003190
v 0.261165 0.568419 -0.003190
v 0.261165 0.568419 -0.007099
v 0.261165 0.566464 -0.007099
v 0.265074 0.566464 -0.007099
v 0.261165 0.566464 -0.012962
v 0.265074 0.566464 -0.012962
v 0.261165 0.566464 -0.012962
v 0.261165 0.558647 -0.012962
v 0.265074 0.558647 -0.012962
v 0.265074 0.566464 -0.012962
v 0.265074 0.562555 -0.005145
v 0.265074 0.558647 -0.003190
v 0.265074 0.560601 -0.003190
v 0.265074 0.558647 -0.012962
v 0.265074 0.564510 -0.007099
v 0.265074 0.566464 -0.007099
v 0.265074 0.566464 -0.005145
v 0.265074 0.568419 -0.007099
v 0.265074 0.568419 -0.003190
v 0.265074 0.568419 -0.003190
v 0.265074 0.566464 -0.012962
v 0.261165 0.568419 -0.007099
v 0.261165 0.568419 -0.003190
v 0.261165 0.568419 -0.003190
v 0.261165 0.566464 -0.005145
v 0.261165 0.566464 -0.007099
v 0.261165 0.564510 -0.007099
v 0.261165 0.566464 -0.012962
v 0.261165 0.558647 -0.012962
v 0.261165 0.562555 -0.005145
v 0.261165 0.558647 -0.003190
v 0.261165 0.560601 -0.003190
v 0.265074 0.562555 -0.005145
v 0.265074 0.560601 -0.003190
v 0.261165 0.560601 -0.003190
v 0.261165 0.562555 -0.005145
v 0.261165 0.564510 -0.007099
v 0.265074 0.564510 -0.007099
v 0.265074 0.566464 -0.005145
v 0.261165 0.566464 -0.005145
v 0.261165 0.568419 -0.003190
v 0.265074 0.568419 -0.003190
v 0.259211 0.556692 -0.012962
v 0.257257 0.552784 -0.012962
v 0.257257 0.552784 -0.018825
v 0.259211 0.556692 -0.018825
v 0.263120 0.558647 -0.018825
v 0.263120 0.558647 -0.012962
v 0.267028 0.556692 -0.012962
v 0.267028 0.556692 -0.018825
v 0.267028 0.552784 -0.018825
v 0.267028 0.552784 -0.012962
v 0.267028 0.550829 -0.012962
v 0.267028 0.550829 -0.018825
v 0.263120 0.548875 -0.018825
v 0.263120 0.548875 -0.012962
v 0.259211 0.550829 -0.012962
v 0.259211 0.550829 -0.018825
v 0.263120 0.548875 -0.018825
v 0.263120 0.548875 -0.012962
v 0.257257 0.552784 -0.018825
v 0.259211 0.550829 -0.018825
v 0.259211 0.556692 -0.018825
v 0.263120 0.548875 -0.018825
v 0.263120 0.558647 -0.018825
v 0.267028 0.550829 -0.018825
v 0.267028 0.556692 -0.018825
v 0.267028 0.552784 -0.018825
v 0.261165 0.568419 -0.003190
v 0.265074 0.568419 -0.003190
v 0.265074 0.568419 0.000719
v 0.261165 0.568419 0.000719
v 0.261165 0.566464 0.002673
v 0.265074 0.566464 0.002673
v 0.261165 0.566464 0.006582
v 0.265074 0.566464 0.006582
v 0.261165 0.566464 0.006582
v 0.265074 0.566464 0.006582
v 0.265074 0.558647 0.006582
v 0.261165 0.558647 0.006582
v 0.265074 0.562555 0.000719
v 0.265074 0.560601 -0.003190
v 0.265074 0.558647 -0.003190
v 0.265074 0.558647 0.006582
v 0.265074 0.564510 0.000719
v 0.265074 0.566464 0.002673
v 0.265074 0.566464 -0.001236
v 0.265074 0.568419 0.000719
v 0.265074 0.568419 -0.003190
v 0.265074 0.568419 -0.003190
v 0.265074 0.566464 0.006582
v 0.261165 0.568419 0.000719
v 0.261165 0.566464 -0.001236
v 0.261165 0.568419 -0.003190
v 0.261165 0.568419 -0.003190
v 0.261165 0.566464 0.002673
v 0.261165 0.564510 0.000719
v 0.261165 0.566464 0.006582
v 0.261165 0.558647 0.006582
v 0.261165 0.562555 0.000719
v 0.261165 0.558647 -0.003190
v 0.261165 0.560601 -0.003190
v 0.261165 0.560601 -0.003190
v 0.265074 0.560601 -0.003190
v 0.265074 0.562555 0.000719
v 0.261165 0.562555 0.000719
v 0.261165 0.564510 0.000719
v 0.265074 0.564510 0.000719
v 0.265074 0.566464 -0.001236
v 0.261165 0.566464 -0.001236
v 0.261165 0.568419 -0.003190
v 0.265074 0.568419 -0.003190
v 0.259211 0.556692 0.006582
v 0.259211 0.556692 0.012445
v 0.257257 0.552784 0.012445
v 0.257257 0.552784 0.006582
v 0.263120 0.558647 0.012445
v 0.263120 0.558647 0.006582
v 0.267028 0.556692 0.006582
v 0.267028 0.556692 0.012445
v 0.267028 0.552784 0.012445
v 0.267028 0.552784 0.006582
v 0.267028 0.550829 0.006582
v 0.267028 0.550829 0.012445
v 0.263120 0.548875 0.012445
v 0.263120 0.548875 0.006582
v 0.259211 0.550829 0.006582
v 0.259211 0.550829 0.012445
v 0.263120 0.548875 0.012445
v 0.263120 0.548875 0.006582
v 0.257257 0.552784 0.012445
v 0.259211 0.556692 0.012445
v 0.259211 0.550829 0.012445
v 0.263120 0.548875 0.012445
v 0.263120 0.558647 0.012445
v 0.267028 0.550829 0.012445
v 0.267028 0.556692 0.012445
v 0.267028 0.552784 0.012445
v 0.268983 0.558647 -0.016871
v 0.268983 0.558647 -0.003190
v 0.257257 0.558647 -0.003190
v 0.257257 0.558647 -0.016871
v 0.257257 0.558647 -0.003190
v 0.257257 0.546921 -0.016871
v 0.257257 0.558647 -0.016871
v 0.257257 0.546921 -0.003190
v 0.257257 0.558647 -0.016871
v 0.268983 0.546921 -0.016871
v 0.268983 0.558647 -0.016871
v 0.257257 0.546921 -0.016871
v 0.268983 0.558647 -0.016871
v 0.268983 0.546921 -0.003190
v 0.268983 0.558647 -0.003190
v 0.268983 0.546921 -0.016871
v 0.257257 0.558647 -0.003190
v 0.268983 0.558647 -0.003190
v 0.268983 0.558647 0.010490
v 0.257257 0.558647 0.010490
v 0.257257 0.558647 -0.003190
v 0.257257 0.558647 0.010490
v 0.257257 0.546921 0.010490
v 0.257257 0.546921 -0.003190
v 0.257257 0.558647 0.010490
v 0.268983 0.558647 0.010490
v 0.268983 0.546921 0.010490
v 0.257257 0.546921 0.010490
v 0.268983 0.558647 0.010490
v 0.268983 0.558647 -0.003190
v 0.268983 0.546921 -0.003190
v 0.268983 0.546921 0.010490
v 0.306115 0.404253 -0.020779
v 0.317842 0.425750 -0.016871
v 0.317842 0.425750 -0.020779
v 0.306115 0.404253 -0.016871
v 0.294389 0.425750 -0.020779
v 0.294389 0.425750 -0.016871
v 0.294389 0.425750 -0.020779
v 0.317842 0.425750 -0.020779
v 0.317842 0.425750 -0.016871
v 0.294389 0.425750 -0.016871
v 0.317842 0.425750 -0.020779
v 0.294389 0.425750 -0.020779
v 0.306115 0.404253 -0.020779
v 0.208398 0.425750 -0.020779
v 0.202535 0.417933 -0.020779
v 0.202535 0.417933 -0.016871
v 0.208398 0.425750 -0.016871
v 0.182991 0.423796 -0.020779
v 0.182991 0.423796 -0.016871
v 0.182991 0.425750 -0.016871
v 0.182991 0.425750 -0.020779
v 0.202535 0.417933 -0.020779
v 0.208398 0.425750 -0.020779
v 0.182991 0.425750 -0.020779
v 0.182991 0.423796 -0.020779
v 0.317842 0.425750 0.014399
v 0.317842 0.425750 0.010490
v 0.306115 0.404253 0.014399
v 0.306115 0.404253 0.010490
v 0.294389 0.425750 0.010490
v 0.294389 0.425750 0.014399
v 0.294389 0.425750 0.014399
v 0.294389 0.425750 0.010490
v 0.317842 0.425750 0.014399
v 0.317842 0.425750 0.010490
v 0.317842 0.425750 0.014399
v 0.306115 0.404253 0.014399
v 0.294389 0.425750 0.014399
v 0.208398 0.425750 0.014399
v 0.208398 0.425750 0.010490
v 0.202535 0.417933 0.010490
v 0.202535 0.417933 0.014399
v 0.182991 0.423796 0.010490
v 0.182991 0.423796 0.014399
v 0.182991 0.425750 0.010490
v 0.182991 0.425750 0.014399
v 0.182991 0.425750 0.014399
v 0.208398 0.425750 0.014399
v 0.202535 0.417933 0.014399
v 0.182991 0.423796 0.014399
v 0.288526 0.390572 0.002673
v 0.270937 0.372983 0.000719
v 0.280709 0.390572 0.002673
v 0.292435 0.404253 0.002673
v 0.274846 0.414024 0.002673
v 0.302207 0.410116 0.002673
v 0.290481 0.425750 0.002673
v 0.261165 0.425750 0.002673
v 0.270937 0.372983 -0.007099
v 0.288526 0.390572 -0.009053
v 0.280709 0.390572 -0.009053
v 0.292435 0.404253 -0.009053
v 0.274846 0.414024 -0.009053
v 0.302207 0.410116 -0.009053
v 0.290481 0.425750 -0.009053
v 0.261165 0.425750 -0.009053
v 0.280709 0.390572 0.002673
v 0.270937 0.372983 0.000719
v 0.270937 0.372983 -0.007099
v 0.280709 0.390572 -0.009053
v 0.274846 0.414024 0.002673
v 0.274846 0.414024 -0.009053
v 0.261165 0.425750 -0.009053
v 0.261165 0.425750 0.002673
v 0.292435 0.404253 0.002673
v 0.302207 0.410116 0.002673
v 0.292435 0.404253 -0.009053
v 0.302207 0.410116 -0.009053
v 0.288526 0.390572 -0.009053
v 0.288526 0.390572 0.002673
v 0.270937 0.372983 -0.007099
v 0.270937 0.372983 0.000719
v 0.222078 0.425750 -0.016871
v 0.134132 0.425750 -0.016871
v 0.210352 0.417933 -0.016871
v 0.181037 0.406207 -0.016871
v 0.204489 0.400344 -0.016871
v 0.194717 0.390572 -0.016871
v 0.220124 0.376892 -0.016871
v 0.216215 0.371028 -0.016871
v 0.268983 0.365165 -0.016871
v 0.268983 0.371028 -0.016871
v 0.288526 0.376892 -0.016871
v 0.292435 0.374937 -0.016871
v 0.310024 0.404253 -0.016871
v 0.300252 0.406207 -0.016871
v 0.323705 0.427705 -0.016871
v 0.286572 0.425750 -0.016871
v 0.210352 0.417933 0.010490
v 0.222078 0.425750 0.010490
v 0.222078 0.425750 -0.016871
v 0.210352 0.417933 -0.016871
v 0.204489 0.400344 -0.016871
v 0.204489 0.400344 0.010490
v 0.220124 0.376892 0.010490
v 0.220124 0.376892 -0.016871
v 0.268983 0.371028 0.010490
v 0.268983 0.371028 -0.016871
v 0.288526 0.376892 -0.016871
v 0.288526 0.376892 0.010490
v 0.300252 0.406207 -0.016871
v 0.300252 0.406207 0.010490
v 0.286572 0.425750 -0.016871
v 0.286572 0.425750 0.010490
v 0.222078 0.425750 0.010490
v 0.210352 0.417933 0.010490
v 0.134132 0.425750 0.010490
v 0.181037 0.406207 0.010490
v 0.204489 0.400344 0.010490
v 0.194717 0.390572 0.010490
v 0.220124 0.376892 0.010490
v 0.216215 0.371028 0.010490
v 0.268983 0.365165 0.010490
v 0.268983 0.371028 0.010490
v 0.288526 0.376892 0.010490
v 0.292435 0.374937 0.010490
v 0.310024 0.404253 0.010490
v 0.300252 0.406207 0.010490
v 0.323705 0.427705 0.010490
v 0.286572 0.425750 0.010490
v 0.134132 0.425750 -0.016871
v 0.134132 0.425750 0.010490
v 0.181037 0.406207 0.010490
v 0.181037 0.406207 -0.016871
v 0.194717 0.390572 0.010490
v 0.194717 0.390572 -0.016871
v 0.216215 0.371028 0.010490
v 0.216215 0.371028 -0.016871
v 0.268983 0.365165 0.010490
v 0.268983 0.365165 -0.016871
v 0.292435 0.374937 0.010490
v 0.292435 0.374937 -0.016871
v 0.310024 0.404253 0.010490
v 0.310024 0.404253 -0.016871
v 0.323705 0.427705 -0.016871
v 0.323705 0.427705 0.010490
v -0.962262 0.468746 -0.020779
v -0.078893 0.468746 -0.020779
v -0.078893 0.476564 -0.003190
v -0.962262 0.476564 -0.003190
v -0.078893 0.451157 -0.028597
v -0.962262 0.451157 -0.028597
v -0.078893 0.431614 -0.020779
v -0.962262 0.431614 -0.020779
v -0.078893 0.423796 -0.003190
v -0.962262 0.423796 -0.003190
v -0.962262 0.476564 -0.003190
v -0.078893 0.476564 -0.003190
v -0.078893 0.468746 0.014399
v -0.962262 0.468746 0.014399
v -0.078893 0.451157 0.022216
v -0.962262 0.451157 0.022216
v -0.078893 0.431614 0.014399
v -0.962262 0.431614 0.014399
v -0.962262 0.423796 -0.003190
v -0.078893 0.423796 -0.003190
v -0.319279 0.527377 -0.018825
v -0.078893 0.531286 -0.022734
v -0.078893 0.541057 -0.003190
v -0.319279 0.533240 -0.003190
v -0.078893 0.511742 -0.032506
v -0.319279 0.511742 -0.026642
v -0.319279 0.494153 -0.018825
v -0.078893 0.490244 -0.022734
v -0.078893 0.482427 -0.003190
v -0.319279 0.488290 -0.003190
v -1.001349 0.527377 -0.018825
v -1.001349 0.533240 -0.003190
v -1.001349 0.511742 -0.024688
v -1.001349 0.496107 -0.018825
v -1.001349 0.488290 -0.003190
v -1.001349 0.527377 -0.018825
v -1.001349 0.533240 -0.003190
v -1.001349 0.488290 -0.003190
v -1.001349 0.496107 -0.018825
v -1.001349 0.511742 -0.024688
v -0.319279 0.527377 0.012445
v -0.319279 0.533240 -0.003190
v -0.078893 0.541057 -0.003190
v -0.078893 0.531286 0.018308
v -0.078893 0.511742 0.026125
v -0.319279 0.511742 0.020262
v -0.319279 0.494153 0.012445
v -0.078893 0.490244 0.018308
v -0.078893 0.482427 -0.003190
v -0.319279 0.488290 -0.003190
v -1.001349 0.527377 0.012445
v -1.001349 0.533240 -0.003190
v -1.001349 0.511742 0.018308
v -1.001349 0.496107 0.012445
v -1.001349 0.488290 -0.003190
v -1.001349 0.527377 0.012445
v -1.001349 0.496107 0.012445
v -1.001349 0.488290 -0.003190
v -1.001349 0.533240 -0.003190
v -1.001349 0.511742 0.018308
v -0.917312 0.552784 -0.009053
v -0.921220 0.552784 -0.003190
v -0.917312 0.546921 -0.009053
v -0.921220 0.546921 -0.003190
v -0.911449 0.546921 -0.007099
v -0.911449 0.552784 -0.007099
v -0.909494 0.546921 -0.003190
v -0.909494 0.552784 -0.003190
v -0.917312 0.544966 -0.007099
v -0.919266 0.544966 -0.003190
v -0.913403 0.544966 -0.007099
v -0.911449 0.544966 -0.003190
v -0.917312 0.544966 -0.003190
v -0.915357 0.544966 -0.005145
v -0.913403 0.544966 -0.003190
v -0.917312 0.539103 -0.003190
v -0.913403 0.539103 -0.003190
v -0.915357 0.539103 -0.005145
v -0.915357 0.544966 -0.005145
v -0.917312 0.544966 -0.003190
v -0.915357 0.539103 -0.005145
v -0.917312 0.539103 -0.003190
v -0.913403 0.539103 -0.003190
v -0.913403 0.544966 -0.003190
v -0.936855 0.568419 -0.012962
v -0.909494 0.572327 -0.016871
v -0.909494 0.574282 -0.014916
v -0.936855 0.568419 -0.011008
v -0.940764 0.554738 -0.012962
v -0.940764 0.554738 -0.009053
v -0.909494 0.574282 -0.014916
v -0.903631 0.568419 -0.011008
v -0.936855 0.568419 -0.011008
v -0.901677 0.554738 -0.009053
v -0.940764 0.554738 -0.009053
v -0.936855 0.568419 -0.012962
v -0.901677 0.554738 -0.012962
v -0.903631 0.568419 -0.012962
v -0.940764 0.554738 -0.012962
v -0.909494 0.572327 -0.016871
v -0.903631 0.568419 -0.011008
v -0.903631 0.568419 -0.012962
v -0.901677 0.554738 -0.012962
v -0.901677 0.554738 -0.009053
v -0.909494 0.574282 -0.014916
v -0.909494 0.572327 -0.016871
v -0.966170 0.535195 -0.011008
v -0.964216 0.537149 -0.003190
v -0.966170 0.533240 -0.003190
v -0.966170 0.531286 -0.011008
v -0.966170 0.531286 -0.018825
v -0.966170 0.525423 -0.018825
v -0.887996 0.535195 -0.011008
v -0.887996 0.533240 -0.003190
v -0.887996 0.537149 -0.003190
v -0.887996 0.531286 -0.011008
v -0.887996 0.531286 -0.018825
v -0.887996 0.525423 -0.018825
v -0.966170 0.531286 -0.018825
v -0.887996 0.525423 -0.018825
v -0.887996 0.531286 -0.018825
v -0.966170 0.525423 -0.018825
v -0.887996 0.531286 -0.018825
v -0.966170 0.535195 -0.011008
v -0.966170 0.531286 -0.018825
v -0.887996 0.535195 -0.011008
v -0.964216 0.537149 -0.003190
v -0.887996 0.537149 -0.003190
v -0.901677 0.556692 -0.016871
v -0.897768 0.556692 -0.016871
v -0.901677 0.556692 -0.003190
v -0.897768 0.556692 -0.003190
v -0.944673 0.558647 -0.016871
v -0.938810 0.558647 -0.016871
v -0.944673 0.558647 -0.003190
v -0.938810 0.558647 -0.003190
v -0.895814 0.550829 -0.011008
v -0.889951 0.537149 -0.003190
v -0.895814 0.550829 -0.003190
v -0.889951 0.535195 -0.012962
v -0.897768 0.552784 -0.003190
v -0.897768 0.552784 -0.016871
v -0.897768 0.556692 -0.016871
v -0.897768 0.556692 -0.003190
v -0.895814 0.550829 -0.011008
v -0.899722 0.550829 -0.011008
v -0.895814 0.535195 -0.012962
v -0.889951 0.535195 -0.012962
v -0.897768 0.552784 -0.016871
v -0.899722 0.552784 -0.016871
v -0.897768 0.556692 -0.016871
v -0.901677 0.556692 -0.016871
v -0.899722 0.550829 -0.011008
v -0.899722 0.550829 -0.003190
v -0.897768 0.537149 -0.003190
v -0.895814 0.535195 -0.012962
v -0.899722 0.552784 -0.003190
v -0.899722 0.552784 -0.016871
v -0.901677 0.556692 -0.016871
v -0.901677 0.556692 -0.003190
v -0.948581 0.535195 -0.012962
v -0.950536 0.539103 -0.012962
v -0.966170 0.535195 -0.012962
v -0.948581 0.550829 -0.011008
v -0.940764 0.550829 -0.011008
v -0.946627 0.552784 -0.016871
v -0.940764 0.552784 -0.016871
v -0.944673 0.558647 -0.016871
v -0.938810 0.558647 -0.016871
v -0.948581 0.550829 -0.011008
v -0.948581 0.550829 -0.003190
v -0.964216 0.537149 -0.003190
v -0.966170 0.535195 -0.012962
v -0.946627 0.552784 -0.003190
v -0.946627 0.552784 -0.016871
v -0.944673 0.558647 -0.003190
v -0.944673 0.558647 -0.016871
v -0.950536 0.539103 -0.012962
v -0.946627 0.537149 -0.003190
v -0.948581 0.541057 -0.003190
v -0.948581 0.535195 -0.012962
v -0.940764 0.550829 -0.011008
v -0.940764 0.550829 -0.003190
v -0.940764 0.552784 -0.003190
v -0.940764 0.552784 -0.016871
v -0.938810 0.558647 -0.003190
v -0.938810 0.558647 -0.016871
v -0.899722 0.556692 -0.016871
v -0.940764 0.556692 -0.016871
v -0.940764 0.552784 -0.016871
v -0.899722 0.552784 -0.016871
v -0.940764 0.556692 -0.016871
v -0.899722 0.556692 -0.016871
v -0.901677 0.556692 -0.003190
v -0.940764 0.556692 -0.003190
v -0.940764 0.552784 -0.003190
v -0.899722 0.552784 -0.003190
v -0.899722 0.552784 -0.016871
v -0.940764 0.552784 -0.016871
v -0.917312 0.552784 0.002673
v -0.917312 0.546921 0.002673
v -0.921220 0.552784 -0.003190
v -0.921220 0.546921 -0.003190
v -0.911449 0.546921 0.002673
v -0.911449 0.552784 0.002673
v -0.909494 0.546921 -0.003190
v -0.909494 0.552784 -0.003190
v -0.917312 0.544966 0.000719
v -0.919266 0.544966 -0.003190
v -0.913403 0.544966 0.000719
v -0.911449 0.544966 -0.003190
v -0.917312 0.544966 -0.003190
v -0.915357 0.544966 -0.001236
v -0.913403 0.544966 -0.003190
v -0.917312 0.539103 -0.003190
v -0.915357 0.539103 -0.001236
v -0.913403 0.539103 -0.003190
v -0.915357 0.539103 -0.001236
v -0.917312 0.544966 -0.003190
v -0.915357 0.544966 -0.001236
v -0.917312 0.539103 -0.003190
v -0.913403 0.539103 -0.003190
v -0.913403 0.544966 -0.003190
v -0.909494 0.574282 0.008536
v -0.909494 0.572327 0.010490
v -0.936855 0.568419 0.008536
v -0.936855 0.568419 0.004627
v -0.940764 0.554738 0.006582
v -0.940764 0.554738 0.002673
v -0.909494 0.574282 0.008536
v -0.936855 0.568419 0.004627
v -0.903631 0.568419 0.004627
v -0.901677 0.554738 0.002673
v -0.940764 0.554738 0.002673
v -0.940764 0.554738 0.006582
v -0.936855 0.568419 0.008536
v -0.901677 0.554738 0.006582
v -0.903631 0.568419 0.008536
v -0.909494 0.572327 0.010490
v -0.903631 0.568419 0.008536
v -0.903631 0.568419 0.004627
v -0.901677 0.554738 0.006582
v -0.901677 0.554738 0.002673
v -0.909494 0.574282 0.008536
v -0.909494 0.572327 0.010490
v -0.966170 0.535195 0.004627
v -0.966170 0.531286 0.004627
v -0.966170 0.533240 -0.003190
v -0.964216 0.537149 -0.003190
v -0.966170 0.531286 0.014399
v -0.966170 0.525423 0.014399
v -0.887996 0.535195 0.004627
v -0.887996 0.537149 -0.003190
v -0.887996 0.533240 -0.003190
v -0.887996 0.531286 0.004627
v -0.887996 0.531286 0.014399
v -0.887996 0.525423 0.014399
v -0.966170 0.531286 0.014399
v -0.887996 0.531286 0.014399
v -0.887996 0.525423 0.014399
v -0.966170 0.525423 0.014399
v -0.966170 0.535195 0.004627
v -0.887996 0.535195 0.004627
v -0.887996 0.531286 0.014399
v -0.966170 0.531286 0.014399
v -0.964216 0.537149 -0.003190
v -0.887996 0.537149 -0.003190
v -0.897768 0.556692 0.010490
v -0.901677 0.556692 -0.003190
v -0.897768 0.556692 -0.003190
v -0.901677 0.556692 0.010490
v -0.938810 0.558647 0.010490
v -0.944673 0.558647 -0.003190
v -0.938810 0.558647 -0.003190
v -0.944673 0.558647 0.010490
v -0.895814 0.550829 0.004627
v -0.895814 0.550829 -0.003190
v -0.889951 0.537149 -0.003190
v -0.889951 0.535195 0.006582
v -0.897768 0.552784 -0.003190
v -0.897768 0.552784 0.010490
v -0.897768 0.556692 0.010490
v -0.897768 0.556692 -0.003190
v -0.895814 0.535195 0.006582
v -0.899722 0.550829 0.004627
v -0.895814 0.550829 0.004627
v -0.889951 0.535195 0.006582
v -0.897768 0.552784 0.010490
v -0.899722 0.552784 0.010490
v -0.897768 0.556692 0.010490
v -0.901677 0.556692 0.010490
v -0.897768 0.537149 -0.003190
v -0.899722 0.550829 -0.003190
v -0.899722 0.550829 0.004627
v -0.895814 0.535195 0.006582
v -0.899722 0.552784 -0.003190
v -0.899722 0.552784 0.010490
v -0.901677 0.556692 0.010490
v -0.901677 0.556692 -0.003190
v -0.948581 0.535195 0.008536
v -0.966170 0.535195 0.008536
v -0.950536 0.539103 0.006582
v -0.948581 0.550829 0.004627
v -0.940764 0.550829 0.004627
v -0.946627 0.552784 0.010490
v -0.940764 0.552784 0.010490
v -0.944673 0.558647 0.010490
v -0.938810 0.558647 0.010490
v -0.964216 0.537149 -0.003190
v -0.948581 0.550829 -0.003190
v -0.948581 0.550829 0.004627
v -0.966170 0.535195 0.008536
v -0.946627 0.552784 -0.003190
v -0.946627 0.552784 0.010490
v -0.944673 0.558647 -0.003190
v -0.944673 0.558647 0.010490
v -0.950536 0.539103 0.006582
v -0.948581 0.541057 -0.003190
v -0.946627 0.537149 -0.003190
v -0.948581 0.535195 0.008536
v -0.940764 0.550829 0.004627
v -0.940764 0.550829 -0.003190
v -0.940764 0.552784 -0.003190
v -0.940764 0.552784 0.010490
v -0.938810 0.558647 -0.003190
v -0.938810 0.558647 0.010490
v -0.899722 0.556692 0.010490
v -0.899722 0.552784 0.010490
v -0.940764 0.552784 0.010490
v -0.940764 0.556692 0.010490
v -0.901677 0.556692 -0.003190
v -0.899722 0.556692 0.010490
v -0.940764 0.556692 0.010490
v -0.940764 0.556692 -0.003190
v -0.940764 0.552784 -0.003190
v -0.940764 0.552784 0.010490
v -0.899722 0.552784 0.010490
v -0.899722 0.552784 -0.003190
v -0.921220 0.564510 0.000719
v -0.921220 0.564510 -0.005145
v -0.907540 0.564510 0.000719
v -0.907540 0.564510 -0.005145
v -0.921220 0.564510 0.000719
v -0.921220 0.554738 -0.005145
v -0.921220 0.564510 -0.005145
v -0.921220 0.554738 0.000719
v -0.907540 0.564510 0.000719
v -0.921220 0.554738 0.000719
v -0.921220 0.564510 0.000719
v -0.907540 0.554738 0.000719
v -0.907540 0.564510 -0.005145
v -0.907540 0.554738 0.000719
v -0.907540 0.564510 0.000719
v -0.907540 0.554738 -0.005145
v -0.907540 0.564510 -0.005145
v -0.921220 0.564510 -0.005145
v -0.921220 0.554738 -0.005145
v -0.907540 0.554738 -0.005145
v -0.991577 0.476564 0.022216
v -0.950536 0.476564 0.022216
v -0.950536 0.451157 0.031988
v -0.999395 0.451157 0.031988
v -0.985714 0.486335 -0.003190
v -0.950536 0.488290 -0.003190
v -0.950536 0.476564 -0.028597
v -0.950536 0.488290 -0.003190
v -0.985714 0.486335 -0.003190
v -0.991577 0.476564 -0.028597
v -0.950536 0.451157 -0.038369
v -0.999395 0.451157 -0.038369
v -0.999395 0.451157 -0.038369
v -0.991577 0.476564 -0.028597
v -0.991577 0.476564 0.022216
v -0.999395 0.451157 0.031988
v -0.985714 0.486335 -0.003190
v -0.950536 0.451157 -0.038369
v -0.950536 0.451157 0.031988
v -0.950536 0.476564 0.022216
v -0.950536 0.476564 -0.028597
v -0.950536 0.488290 -0.003190
v -0.999395 0.451157 0.031988
v -0.950536 0.451157 0.031988
v -0.991577 0.425750 0.022216
v -0.950536 0.425750 0.022216
v -0.985714 0.415979 -0.003190
v -0.950536 0.415979 -0.003190
v -0.985714 0.415979 -0.003190
v -0.950536 0.415979 -0.003190
v -0.950536 0.425750 -0.028597
v -0.991577 0.425750 -0.028597
v -0.950536 0.451157 -0.038369
v -0.999395 0.451157 -0.038369
v -0.999395 0.451157 -0.038369
v -0.999395 0.451157 0.031988
v -0.991577 0.425750 0.022216
v -0.991577 0.425750 -0.028597
v -0.985714 0.415979 -0.003190
v -0.950536 0.451157 -0.038369
v -0.950536 0.425750 0.022216
v -0.950536 0.451157 0.031988
v -0.950536 0.425750 -0.028597
v -0.950536 0.415979 -0.003190
v 0.177128 0.558647 -0.014916
v 0.177128 0.558647 -0.011008
v 0.171265 0.558647 -0.014916
v 0.171265 0.558647 -0.011008
v 0.171265 0.552784 -0.016871
v 0.171265 0.558647 -0.014916
v 0.171265 0.550829 -0.009053
v 0.171265 0.558647 -0.011008
v 0.177128 0.558647 -0.011008
v 0.171265 0.550829 -0.009053
v 0.171265 0.558647 -0.011008
v 0.177128 0.550829 -0.009053
v 0.177128 0.550829 -0.009053
v 0.177128 0.558647 -0.011008
v 0.177128 0.558647 -0.014916
v 0.177128 0.552784 -0.016871
v 0.171265 0.558647 -0.014916
v 0.177128 0.552784 -0.016871
v 0.177128 0.558647 -0.014916
v 0.171265 0.552784 -0.016871
v 0.177128 0.550829 -0.009053
v 0.171265 0.550829 -0.009053
v 0.157584 0.558647 -0.014916
v 0.157584 0.558647 -0.011008
v 0.151721 0.558647 -0.014916
v 0.151721 0.558647 -0.011008
v 0.151721 0.552784 -0.016871
v 0.151721 0.558647 -0.014916
v 0.151721 0.550829 -0.009053
v 0.151721 0.558647 -0.011008
v 0.157584 0.558647 -0.011008
v 0.151721 0.550829 -0.009053
v 0.151721 0.558647 -0.011008
v 0.157584 0.550829 -0.009053
v 0.157584 0.550829 -0.009053
v 0.157584 0.558647 -0.011008
v 0.157584 0.558647 -0.014916
v 0.157584 0.552784 -0.016871
v 0.151721 0.558647 -0.014916
v 0.157584 0.552784 -0.016871
v 0.157584 0.558647 -0.014916
v 0.151721 0.552784 -0.016871
v 0.157584 0.550829 -0.009053
v 0.151721 0.550829 -0.009053
v 0.138041 0.558647 -0.014916
v 0.138041 0.558647 -0.011008
v 0.132178 0.558647 -0.014916
v 0.132178 0.558647 -0.011008
v 0.132178 0.552784 -0.016871
v 0.132178 0.558647 -0.014916
v 0.132178 0.550829 -0.009053
v 0.132178 0.558647 -0.011008
v 0.138041 0.558647 -0.011008
v 0.132178 0.550829 -0.009053
v 0.132178 0.558647 -0.011008
v 0.138041 0.550829 -0.009053
v 0.138041 0.550829 -0.009053
v 0.138041 0.558647 -0.011008
v 0.138041 0.558647 -0.014916
v 0.138041 0.552784 -0.016871
v 0.132178 0.558647 -0.014916
v 0.138041 0.552784 -0.016871
v 0.138041 0.558647 -0.014916
v 0.132178 0.552784 -0.016871
v 0.132178 0.550829 -0.009053
v 0.138041 0.550829 -0.009053
v 0.118497 0.558647 -0.014916
v 0.118497 0.558647 -0.011008
v 0.112634 0.558647 -0.014916
v 0.112634 0.558647 -0.011008
v 0.112634 0.552784 -0.016871
v 0.112634 0.558647 -0.014916
v 0.112634 0.550829 -0.009053
v 0.112634 0.558647 -0.011008
v 0.118497 0.558647 -0.011008
v 0.112634 0.550829 -0.009053
v 0.112634 0.558647 -0.011008
v 0.118497 0.550829 -0.009053
v 0.118497 0.550829 -0.009053
v 0.118497 0.558647 -0.011008
v 0.118497 0.558647 -0.014916
v 0.118497 0.552784 -0.016871
v 0.112634 0.558647 -0.014916
v 0.118497 0.552784 -0.016871
v 0.118497 0.558647 -0.014916
v 0.112634 0.552784 -0.016871
v 0.112634 0.550829 -0.009053
v 0.118497 0.550829 -0.009053
v 0.098954 0.558647 -0.014916
v 0.098954 0.558647 -0.011008
v 0.093091 0.558647 -0.014916
v 0.093091 0.558647 -0.011008
v 0.093091 0.552784 -0.016871
v 0.093091 0.558647 -0.014916
v 0.093091 0.550829 -0.009053
v 0.093091 0.558647 -0.011008
v 0.098954 0.558647 -0.011008
v 0.093091 0.550829 -0.009053
v 0.093091 0.558647 -0.011008
v 0.098954 0.550829 -0.009053
v 0.098954 0.550829 -0.009053
v 0.098954 0.558647 -0.011008
v 0.098954 0.558647 -0.014916
v 0.098954 0.552784 -0.016871
v 0.093091 0.558647 -0.014916
v 0.098954 0.552784 -0.016871
v 0.098954 0.558647 -0.014916
v 0.093091 0.552784 -0.016871
v 0.093091 0.550829 -0.009053
v 0.098954 0.550829 -0.009053
v 0.079410 0.558647 -0.014916
v 0.079410 0.558647 -0.011008
v 0.073547 0.558647 -0.011008
v 0.073547 0.558647 -0.014916
v 0.073547 0.552784 -0.016871
v 0.073547 0.558647 -0.014916
v 0.073547 0.550829 -0.009053
v 0.073547 0.558647 -0.011008
v 0.079410 0.558647 -0.011008
v 0.073547 0.550829 -0.009053
v 0.073547 0.558647 -0.011008
v 0.079410 0.550829 -0.009053
v 0.079410 0.550829 -0.009053
v 0.079410 0.558647 -0.011008
v 0.079410 0.558647 -0.014916
v 0.079410 0.552784 -0.016871
v 0.073547 0.558647 -0.014916
v 0.079410 0.552784 -0.016871
v 0.079410 0.558647 -0.014916
v 0.073547 0.552784 -0.016871
v 0.073547 0.550829 -0.009053
v 0.079410 0.550829 -0.009053
v 0.059867 0.558647 -0.014916
v 0.059867 0.558647 -0.011008
v 0.052049 0.558647 -0.014916
v 0.052049 0.558647 -0.011008
v 0.052049 0.552784 -0.016871
v 0.052049 0.558647 -0.014916
v 0.052049 0.550829 -0.009053
v 0.052049 0.558647 -0.011008
v 0.059867 0.558647 -0.011008
v 0.052049 0.550829 -0.009053
v 0.052049 0.558647 -0.011008
v 0.059867 0.550829 -0.009053
v 0.059867 0.550829 -0.009053
v 0.059867 0.558647 -0.011008
v 0.059867 0.558647 -0.014916
v 0.059867 0.552784 -0.016871
v 0.052049 0.558647 -0.014916
v 0.059867 0.552784 -0.016871
v 0.059867 0.558647 -0.014916
v 0.052049 0.552784 -0.016871
v 0.052049 0.550829 -0.009053
v 0.059867 0.550829 -0.009053
v 0.038369 0.558647 -0.014916
v 0.038369 0.558647 -0.011008
v 0.032506 0.558647 -0.014916
v 0.032506 0.558647 -0.011008
v 0.032506 0.552784 -0.016871
v 0.032506 0.558647 -0.014916
v 0.032506 0.550829 -0.009053
v 0.032506 0.558647 -0.011008
v 0.038369 0.558647 -0.011008
v 0.032506 0.550829 -0.009053
v 0.032506 0.558647 -0.011008
v 0.038369 0.550829 -0.009053
v 0.038369 0.550829 -0.009053
v 0.038369 0.558647 -0.011008
v 0.038369 0.558647 -0.014916
v 0.038369 0.552784 -0.016871
v 0.032506 0.558647 -0.014916
v 0.038369 0.552784 -0.016871
v 0.038369 0.558647 -0.014916
v 0.032506 0.552784 -0.016871
v 0.032506 0.550829 -0.009053
v 0.038369 0.550829 -0.009053
v 0.018825 0.558647 -0.014916
v 0.018825 0.558647 -0.011008
v 0.012962 0.558647 -0.014916
v 0.012962 0.558647 -0.011008
v 0.012962 0.552784 -0.016871
v 0.012962 0.558647 -0.014916
v 0.012962 0.550829 -0.009053
v 0.012962 0.558647 -0.011008
v 0.018825 0.558647 -0.011008
v 0.012962 0.550829 -0.009053
v 0.012962 0.558647 -0.011008
v 0.018825 0.550829 -0.009053
v 0.018825 0.550829 -0.009053
v 0.018825 0.558647 -0.011008
v 0.018825 0.558647 -0.014916
v 0.018825 0.552784 -0.016871
v 0.012962 0.558647 -0.014916
v 0.018825 0.552784 -0.016871
v 0.018825 0.558647 -0.014916
v 0.012962 0.552784 -0.016871
v 0.012962 0.550829 -0.009053
v 0.018825 0.550829 -0.009053
v -0.000719 0.558647 -0.014916
v -0.000719 0.558647 -0.011008
v -0.006582 0.558647 -0.014916
v -0.006582 0.558647 -0.011008
v -0.006582 0.552784 -0.016871
v -0.006582 0.558647 -0.014916
v -0.006582 0.550829 -0.009053
v -0.006582 0.558647 -0.011008
v -0.006582 0.558647 -0.011008
v -0.000719 0.558647 -0.011008
v -0.000719 0.550829 -0.009053
v -0.006582 0.550829 -0.009053
v -0.000719 0.550829 -0.009053
v -0.000719 0.558647 -0.011008
v -0.000719 0.558647 -0.014916
v -0.000719 0.552784 -0.016871
v -0.000719 0.558647 -0.014916
v -0.006582 0.558647 -0.014916
v -0.006582 0.552784 -0.016871
v -0.000719 0.552784 -0.016871
v -0.000719 0.550829 -0.009053
v -0.006582 0.550829 -0.009053
v -0.020262 0.558647 -0.014916
v -0.020262 0.558647 -0.011008
v -0.026125 0.558647 -0.011008
v -0.026125 0.558647 -0.014916
v -0.026125 0.552784 -0.016871
v -0.026125 0.558647 -0.014916
v -0.026125 0.550829 -0.009053
v -0.026125 0.558647 -0.011008
v -0.020262 0.558647 -0.011008
v -0.026125 0.550829 -0.009053
v -0.026125 0.558647 -0.011008
v -0.020262 0.550829 -0.009053
v -0.020262 0.550829 -0.009053
v -0.020262 0.558647 -0.011008
v -0.020262 0.558647 -0.014916
v -0.020262 0.552784 -0.016871
v -0.026125 0.558647 -0.014916
v -0.020262 0.552784 -0.016871
v -0.020262 0.558647 -0.014916
v -0.026125 0.552784 -0.016871
v -0.026125 0.550829 -0.009053
v -0.020262 0.550829 -0.009053
v -0.039806 0.558647 -0.014916
v -0.039806 0.558647 -0.011008
v -0.045669 0.558647 -0.011008
v -0.045669 0.558647 -0.014916
v -0.045669 0.552784 -0.016871
v -0.045669 0.558647 -0.014916
v -0.045669 0.550829 -0.009053
v -0.045669 0.558647 -0.011008
v -0.039806 0.558647 -0.011008
v -0.045669 0.550829 -0.009053
v -0.045669 0.558647 -0.011008
v -0.039806 0.550829 -0.009053
v -0.039806 0.550829 -0.009053
v -0.039806 0.558647 -0.011008
v -0.039806 0.558647 -0.014916
v -0.039806 0.552784 -0.016871
v -0.045669 0.558647 -0.014916
v -0.039806 0.552784 -0.016871
v -0.039806 0.558647 -0.014916
v -0.045669 0.552784 -0.016871
v -0.045669 0.550829 -0.009053
v -0.039806 0.550829 -0.009053
v -0.059349 0.558647 -0.014916
v -0.059349 0.558647 -0.011008
v -0.065212 0.558647 -0.011008
v -0.065212 0.558647 -0.014916
v -0.065212 0.552784 -0.016871
v -0.065212 0.558647 -0.014916
v -0.065212 0.550829 -0.009053
v -0.065212 0.558647 -0.011008
v -0.059349 0.558647 -0.011008
v -0.065212 0.550829 -0.009053
v -0.065212 0.558647 -0.011008
v -0.059349 0.550829 -0.009053
v -0.059349 0.550829 -0.009053
v -0.059349 0.558647 -0.011008
v -0.059349 0.558647 -0.014916
v -0.059349 0.552784 -0.016871
v -0.065212 0.558647 -0.014916
v -0.059349 0.552784 -0.016871
v -0.059349 0.558647 -0.014916
v -0.065212 0.552784 -0.016871
v -0.065212 0.550829 -0.009053
v -0.059349 0.550829 -0.009053
v -0.074984 0.558647 -0.014916
v -0.074984 0.558647 -0.011008
v -0.082801 0.558647 -0.011008
v -0.082801 0.558647 -0.014916
v -0.082801 0.552784 -0.016871
v -0.082801 0.558647 -0.014916
v -0.082801 0.550829 -0.009053
v -0.082801 0.558647 -0.011008
v -0.074984 0.558647 -0.011008
v -0.082801 0.550829 -0.009053
v -0.082801 0.558647 -0.011008
v -0.074984 0.550829 -0.009053
v -0.074984 0.550829 -0.009053
v -0.074984 0.558647 -0.011008
v -0.074984 0.558647 -0.014916
v -0.074984 0.552784 -0.016871
v -0.082801 0.558647 -0.014916
v -0.074984 0.552784 -0.016871
v -0.074984 0.558647 -0.014916
v -0.082801 0.552784 -0.016871
v -0.082801 0.550829 -0.009053
v -0.074984 0.550829 -0.009053
v 0.177128 0.558647 0.004627
v 0.171265 0.558647 0.008536
v 0.171265 0.558647 0.004627
v 0.177128 0.558647 0.008536
v 0.171265 0.552784 0.010490
v 0.171265 0.550829 0.002673
v 0.171265 0.558647 0.008536
v 0.171265 0.558647 0.004627
v 0.177128 0.558647 0.004627
v 0.171265 0.558647 0.004627
v 0.171265 0.550829 0.002673
v 0.177128 0.550829 0.002673
v 0.177128 0.558647 0.004627
v 0.177128 0.550829 0.002673
v 0.177128 0.558647 0.008536
v 0.177128 0.552784 0.010490
v 0.171265 0.558647 0.008536
v 0.177128 0.558647 0.008536
v 0.177128 0.552784 0.010490
v 0.171265 0.552784 0.010490
v 0.177128 0.550829 0.002673
v 0.171265 0.550829 0.002673
v 0.151721 0.558647 0.004627
v 0.157584 0.558647 0.004627
v 0.157584 0.558647 0.008536
v 0.151721 0.558647 0.008536
v 0.151721 0.552784 0.010490
v 0.151721 0.550829 0.002673
v 0.151721 0.558647 0.008536
v 0.151721 0.558647 0.004627
v 0.157584 0.558647 0.004627
v 0.151721 0.558647 0.004627
v 0.151721 0.550829 0.002673
v 0.157584 0.550829 0.002673
v 0.157584 0.558647 0.004627
v 0.157584 0.550829 0.002673
v 0.157584 0.558647 0.008536
v 0.157584 0.552784 0.010490
v 0.151721 0.558647 0.008536
v 0.157584 0.558647 0.008536
v 0.157584 0.552784 0.010490
v 0.151721 0.552784 0.010490
v 0.151721 0.550829 0.002673
v 0.157584 0.550829 0.002673
v 0.132178 0.558647 0.004627
v 0.138041 0.558647 0.004627
v 0.138041 0.558647 0.008536
v 0.132178 0.558647 0.008536
v 0.132178 0.552784 0.010490
v 0.132178 0.550829 0.002673
v 0.132178 0.558647 0.008536
v 0.132178 0.558647 0.004627
v 0.138041 0.558647 0.004627
v 0.132178 0.558647 0.004627
v 0.132178 0.550829 0.002673
v 0.138041 0.550829 0.002673
v 0.138041 0.558647 0.004627
v 0.138041 0.550829 0.002673
v 0.138041 0.558647 0.008536
v 0.138041 0.552784 0.010490
v 0.132178 0.558647 0.008536
v 0.138041 0.558647 0.008536
v 0.138041 0.552784 0.010490
v 0.132178 0.552784 0.010490
v 0.132178 0.550829 0.002673
v 0.138041 0.550829 0.002673
v 0.112634 0.558647 0.004627
v 0.118497 0.558647 0.004627
v 0.118497 0.558647 0.008536
v 0.112634 0.558647 0.008536
v 0.112634 0.552784 0.010490
v 0.112634 0.550829 0.002673
v 0.112634 0.558647 0.008536
v 0.112634 0.558647 0.004627
v 0.118497 0.558647 0.004627
v 0.112634 0.558647 0.004627
v 0.112634 0.550829 0.002673
v 0.118497 0.550829 0.002673
v 0.118497 0.558647 0.004627
v 0.118497 0.550829 0.002673
v 0.118497 0.558647 0.008536
v 0.118497 0.552784 0.010490
v 0.112634 0.558647 0.008536
v 0.118497 0.558647 0.008536
v 0.118497 0.552784 0.010490
v 0.112634 0.552784 0.010490
v 0.112634 0.550829 0.002673
v 0.118497 0.550829 0.002673
v 0.098954 0.558647 0.004627
v 0.093091 0.558647 0.008536
v 0.093091 0.558647 0.004627
v 0.098954 0.558647 0.008536
v 0.093091 0.552784 0.010490
v 0.093091 0.550829 0.002673
v 0.093091 0.558647 0.008536
v 0.093091 0.558647 0.004627
v 0.098954 0.558647 0.004627
v 0.093091 0.558647 0.004627
v 0.093091 0.550829 0.002673
v 0.098954 0.550829 0.002673
v 0.098954 0.558647 0.004627
v 0.098954 0.550829 0.002673
v 0.098954 0.558647 0.008536
v 0.098954 0.552784 0.010490
v 0.093091 0.558647 0.008536
v 0.098954 0.558647 0.008536
v 0.098954 0.552784 0.010490
v 0.093091 0.552784 0.010490
v 0.098954 0.550829 0.002673
v 0.093091 0.550829 0.002673
v 0.073547 0.558647 0.004627
v 0.079410 0.558647 0.004627
v 0.079410 0.558647 0.008536
v 0.073547 0.558647 0.008536
v 0.073547 0.552784 0.010490
v 0.073547 0.550829 0.002673
v 0.073547 0.558647 0.008536
v 0.073547 0.558647 0.004627
v 0.079410 0.558647 0.004627
v 0.073547 0.558647 0.004627
v 0.073547 0.550829 0.002673
v 0.079410 0.550829 0.002673
v 0.079410 0.558647 0.004627
v 0.079410 0.550829 0.002673
v 0.079410 0.558647 0.008536
v 0.079410 0.552784 0.010490
v 0.073547 0.558647 0.008536
v 0.079410 0.558647 0.008536
v 0.079410 0.552784 0.010490
v 0.073547 0.552784 0.010490
v 0.073547 0.550829 0.002673
v 0.079410 0.550829 0.002673
v 0.052049 0.558647 0.004627
v 0.059867 0.558647 0.004627
v 0.059867 0.558647 0.008536
v 0.052049 0.558647 0.008536
v 0.052049 0.552784 0.010490
v 0.052049 0.550829 0.002673
v 0.052049 0.558647 0.008536
v 0.052049 0.558647 0.004627
v 0.059867 0.558647 0.004627
v 0.052049 0.558647 0.004627
v 0.052049 0.550829 0.002673
v 0.059867 0.550829 0.002673
v 0.059867 0.558647 0.004627
v 0.059867 0.550829 0.002673
v 0.059867 0.558647 0.008536
v 0.059867 0.552784 0.010490
v 0.052049 0.558647 0.008536
v 0.059867 0.558647 0.008536
v 0.059867 0.552784 0.010490
v 0.052049 0.552784 0.010490
v 0.052049 0.550829 0.002673
v 0.059867 0.550829 0.002673
v 0.038369 0.558647 0.004627
v 0.032506 0.558647 0.008536
v 0.032506 0.558647 0.004627
v 0.038369 0.558647 0.008536
v 0.032506 0.552784 0.010490
v 0.032506 0.550829 0.002673
v 0.032506 0.558647 0.008536
v 0.032506 0.558647 0.004627
v 0.038369 0.558647 0.004627
v 0.032506 0.558647 0.004627
v 0.032506 0.550829 0.002673
v 0.038369 0.550829 0.002673
v 0.038369 0.558647 0.004627
v 0.038369 0.550829 0.002673
v 0.038369 0.558647 0.008536
v 0.038369 0.552784 0.010490
v 0.032506 0.558647 0.008536
v 0.038369 0.558647 0.008536
v 0.038369 0.552784 0.010490
v 0.032506 0.552784 0.010490
v 0.032506 0.550829 0.002673
v 0.038369 0.550829 0.002673
v 0.012962 0.558647 0.004627
v 0.018825 0.558647 0.004627
v 0.018825 0.558647 0.008536
v 0.012962 0.558647 0.008536
v 0.012962 0.552784 0.010490
v 0.012962 0.550829 0.002673
v 0.012962 0.558647 0.008536
v 0.012962 0.558647 0.004627
v 0.018825 0.558647 0.004627
v 0.012962 0.558647 0.004627
v 0.012962 0.550829 0.002673
v 0.018825 0.550829 0.002673
v 0.018825 0.558647 0.004627
v 0.018825 0.550829 0.002673
v 0.018825 0.558647 0.008536
v 0.018825 0.552784 0.010490
v 0.012962 0.558647 0.008536
v 0.018825 0.558647 0.008536
v 0.018825 0.552784 0.010490
v 0.012962 0.552784 0.010490
v 0.012962 0.550829 0.002673
v 0.018825 0.550829 0.002673
v -0.006582 0.558647 0.004627
v -0.000719 0.558647 0.004627
v -0.000719 0.558647 0.008536
v -0.006582 0.558647 0.008536
v -0.006582 0.552784 0.010490
v -0.006582 0.550829 0.002673
v -0.006582 0.558647 0.008536
v -0.006582 0.558647 0.004627
v -0.000719 0.558647 0.004627
v -0.006582 0.558647 0.004627
v -0.006582 0.550829 0.002673
v -0.000719 0.550829 0.002673
v -0.000719 0.558647 0.004627
v -0.000719 0.550829 0.002673
v -0.000719 0.558647 0.008536
v -0.000719 0.552784 0.010490
v -0.006582 0.558647 0.008536
v -0.000719 0.558647 0.008536
v -0.000719 0.552784 0.010490
v -0.006582 0.552784 0.010490
v -0.006582 0.550829 0.002673
v -0.000719 0.550829 0.002673
v -0.026125 0.558647 0.004627
v -0.020262 0.558647 0.004627
v -0.020262 0.558647 0.008536
v -0.026125 0.558647 0.008536
v -0.026125 0.552784 0.010490
v -0.026125 0.550829 0.002673
v -0.026125 0.558647 0.008536
v -0.026125 0.558647 0.004627
v -0.020262 0.558647 0.004627
v -0.026125 0.558647 0.004627
v -0.026125 0.550829 0.002673
v -0.020262 0.550829 0.002673
v -0.020262 0.558647 0.004627
v -0.020262 0.550829 0.002673
v -0.020262 0.558647 0.008536
v -0.020262 0.552784 0.010490
v -0.026125 0.558647 0.008536
v -0.020262 0.558647 0.008536
v -0.020262 0.552784 0.010490
v -0.026125 0.552784 0.010490
v -0.026125 0.550829 0.002673
v -0.020262 0.550829 0.002673
v -0.045669 0.558647 0.004627
v -0.039806 0.558647 0.004627
v -0.039806 0.558647 0.008536
v -0.045669 0.558647 0.008536
v -0.045669 0.552784 0.010490
v -0.045669 0.550829 0.002673
v -0.045669 0.558647 0.008536
v -0.045669 0.558647 0.004627
v -0.039806 0.558647 0.004627
v -0.045669 0.558647 0.004627
v -0.045669 0.550829 0.002673
v -0.039806 0.550829 0.002673
v -0.039806 0.558647 0.004627
v -0.039806 0.550829 0.002673
v -0.039806 0.558647 0.008536
v -0.039806 0.552784 0.010490
v -0.045669 0.558647 0.008536
v -0.039806 0.558647 0.008536
v -0.039806 0.552784 0.010490
v -0.045669 0.552784 0.010490
v -0.045669 0.550829 0.002673
v -0.039806 0.550829 0.002673
v -0.065212 0.558647 0.004627
v -0.059349 0.558647 0.004627
v -0.059349 0.558647 0.008536
v -0.065212 0.558647 0.008536
v -0.065212 0.552784 0.010490
v -0.065212 0.550829 0.002673
v -0.065212 0.558647 0.008536
v -0.065212 0.558647 0.004627
v -0.059349 0.558647 0.004627
v -0.065212 0.558647 0.004627
v -0.065212 0.550829 0.002673
v -0.059349 0.550829 0.002673
v -0.059349 0.558647 0.004627
v -0.059349 0.550829 0.002673
v -0.059349 0.558647 0.008536
v -0.059349 0.552784 0.010490
v -0.065212 0.558647 0.008536
v -0.059349 0.558647 0.008536
v -0.059349 0.552784 0.010490
v -0.065212 0.552784 0.010490
v -0.065212 0.550829 0.002673
v -0.059349 0.550829 0.002673
v -0.082801 0.558647 0.004627
v -0.074984 0.558647 0.004627
v -0.074984 0.558647 0.008536
v -0.082801 0.558647 0.008536
v -0.082801 0.552784 0.010490
v -0.082801 0.550829 0.002673
v -0.082801 0.558647 0.008536
v -0.082801 0.558647 0.004627
v -0.074984 0.558647 0.004627
v -0.082801 0.558647 0.004627
v -0.082801 0.550829 0.002673
v -0.074984 0.550829 0.002673
v -0.074984 0.558647 0.004627
v -0.074984 0.550829 0.002673
v -0.074984 0.558647 0.008536
v -0.074984 0.552784 0.010490
v -0.082801 0.558647 0.008536
v -0.074984 0.558647 0.008536
v -0.074984 0.552784 0.010490
v -0.082801 0.552784 0.010490
v -0.074984 0.552784 0.010490
v -0.082801 0.550829 0.002673
v -0.082801 0.552784 0.010490
v -0.074984 0.550829 0.002673
v 0.675489 0.394481 -0.016871
v 0.677443 0.398389 -0.003190
v 0.360837 0.480472 -0.003190
v 0.360837 0.474609 -0.016871
v 0.356929 0.460929 -0.022734
v 0.671580 0.380800 -0.022734
v 0.353020 0.447248 -0.016871
v 0.669626 0.367120 -0.016871
v 0.667671 0.361257 -0.003190
v 0.351066 0.443340 -0.003190
v 0.360837 0.480472 -0.003190
v 0.677443 0.398389 -0.003190
v 0.675489 0.394481 0.012445
v 0.360837 0.474609 0.012445
v 0.356929 0.460929 0.016353
v 0.671580 0.380800 0.016353
v 0.353020 0.447248 0.012445
v 0.669626 0.367120 0.012445
v 0.667671 0.361257 -0.003190
v 0.351066 0.443340 -0.003190
v -0.031988 0.419887 -0.026642
v -0.039806 0.417933 -0.014916
v -0.033943 0.419887 -0.011008
v -0.012445 0.419887 -0.011008
v 0.093091 0.429659 -0.011008
v 0.118497 0.431614 -0.026642
v 0.118497 0.431614 -0.003190
v 0.098954 0.429659 -0.003190
v -0.016353 0.419887 -0.003190
v -0.030034 0.419887 -0.003190
v -0.041760 0.421842 -0.014916
v -0.033943 0.423796 -0.026642
v -0.033943 0.423796 -0.011008
v -0.014399 0.425750 -0.011008
v 0.093091 0.433568 -0.011008
v 0.118497 0.437477 -0.026642
v 0.118497 0.437477 -0.003190
v 0.096999 0.435522 -0.003190
v -0.016353 0.423796 -0.003190
v -0.030034 0.423796 -0.003190
v -0.041760 0.421842 -0.014916
v -0.031988 0.419887 -0.026642
v -0.033943 0.423796 -0.026642
v -0.039806 0.417933 -0.014916
v -0.033943 0.419887 -0.011008
v -0.033943 0.423796 -0.011008
v -0.030034 0.419887 -0.003190
v -0.030034 0.423796 -0.003190
v 0.118497 0.437477 -0.026642
v 0.118497 0.431614 -0.026642
v 0.118497 0.431614 -0.003190
v 0.118497 0.437477 -0.003190
v -0.014399 0.425750 -0.011008
v 0.093091 0.433568 -0.011008
v 0.093091 0.429659 -0.011008
v -0.012445 0.419887 -0.011008
v 0.098954 0.429659 -0.003190
v 0.096999 0.435522 -0.003190
v -0.016353 0.423796 -0.003190
v -0.016353 0.419887 -0.003190
v -0.012445 0.419887 0.004627
v -0.016353 0.419887 -0.003190
v -0.033943 0.419887 0.006582
v -0.031988 0.419887 0.020262
v 0.093091 0.429659 0.004627
v 0.118497 0.431614 0.020262
v 0.118497 0.431614 -0.003190
v 0.098954 0.429659 -0.003190
v -0.030034 0.419887 -0.003190
v -0.039806 0.417933 0.008536
v -0.033943 0.423796 0.020262
v -0.041760 0.421842 0.008536
v -0.033943 0.423796 0.006582
v -0.014399 0.425750 0.004627
v 0.093091 0.433568 0.004627
v 0.118497 0.437477 0.020262
v 0.118497 0.437477 -0.003190
v 0.096999 0.435522 -0.003190
v -0.016353 0.423796 -0.003190
v -0.030034 0.423796 -0.003190
v -0.041760 0.421842 0.008536
v -0.033943 0.423796 0.020262
v -0.031988 0.419887 0.020262
v -0.039806 0.417933 0.008536
v -0.033943 0.419887 0.006582
v -0.033943 0.423796 0.006582
v -0.030034 0.419887 -0.003190
v -0.030034 0.423796 -0.003190
v 0.118497 0.437477 0.020262
v 0.118497 0.431614 0.020262
v 0.118497 0.431614 -0.003190
v 0.118497 0.437477 -0.003190
v 0.093091 0.429659 0.004627
v 0.093091 0.433568 0.004627
v -0.014399 0.425750 0.004627
v -0.012445 0.419887 0.004627
v 0.098954 0.429659 -0.003190
v 0.096999 0.435522 -0.003190
v -0.016353 0.423796 -0.003190
v -0.016353 0.419887 -0.003190
v -0.946627 0.474609 -0.024688
v -0.946627 0.451157 -0.034460
v -0.911449 0.451157 -0.034460
v -0.911449 0.474609 -0.024688
v -0.911449 0.429659 -0.024688
v -0.946627 0.429659 -0.024688
v -0.946627 0.419887 -0.003190
v -0.911449 0.419887 -0.003190
v -0.911449 0.480472 -0.014916
v -0.946627 0.480472 -0.014916
v -0.946627 0.429659 -0.024688
v -0.946627 0.480472 -0.014916
v -0.946627 0.482427 -0.003190
v -0.946627 0.419887 -0.003190
v -0.946627 0.486335 -0.014916
v -0.946627 0.451157 -0.034460
v -0.946627 0.474609 -0.024688
v -0.911449 0.482427 -0.003190
v -0.911449 0.480472 -0.014916
v -0.911449 0.429659 -0.024688
v -0.911449 0.419887 -0.003190
v -0.911449 0.486335 -0.014916
v -0.911449 0.451157 -0.034460
v -0.911449 0.474609 -0.024688
v -0.911449 0.486335 -0.014916
v -0.946627 0.486335 -0.014916
v -0.946627 0.480472 -0.014916
v -0.911449 0.480472 -0.014916
v -0.958353 0.494153 -0.014916
v -0.884088 0.494153 -0.014916
v -0.884088 0.490244 -0.014916
v -0.958353 0.490244 -0.014916
v -0.884088 0.488290 -0.003190
v -0.884088 0.494153 -0.014916
v -0.884088 0.490244 -0.014916
v -0.884088 0.486335 -0.003190
v -0.911449 0.482427 -0.003190
v -0.911449 0.486335 -0.014916
v -0.958353 0.488290 -0.003190
v -0.958353 0.490244 -0.014916
v -0.958353 0.494153 -0.014916
v -0.958353 0.486335 -0.003190
v -0.946627 0.486335 -0.014916
v -0.946627 0.482427 -0.003190
v -0.946627 0.474609 0.018308
v -0.911449 0.474609 0.018308
v -0.911449 0.451157 0.028080
v -0.946627 0.451157 0.028080
v -0.911449 0.429659 0.018308
v -0.946627 0.429659 0.018308
v -0.946627 0.419887 -0.003190
v -0.911449 0.419887 -0.003190
v -0.911449 0.480472 0.008536
v -0.946627 0.480472 0.008536
v -0.946627 0.429659 0.018308
v -0.946627 0.482427 -0.003190
v -0.946627 0.480472 0.008536
v -0.946627 0.419887 -0.003190
v -0.946627 0.486335 0.008536
v -0.946627 0.451157 0.028080
v -0.946627 0.474609 0.018308
v -0.911449 0.482427 -0.003190
v -0.911449 0.419887 -0.003190
v -0.911449 0.429659 0.018308
v -0.911449 0.480472 0.008536
v -0.911449 0.486335 0.008536
v -0.911449 0.451157 0.028080
v -0.911449 0.474609 0.018308
v -0.911449 0.486335 0.008536
v -0.911449 0.480472 0.008536
v -0.946627 0.480472 0.008536
v -0.946627 0.486335 0.008536
v -0.958353 0.494153 0.008536
v -0.884088 0.494153 0.008536
v -0.884088 0.490244 0.008536
v -0.958353 0.490244 0.008536
v -0.884088 0.488290 -0.003190
v -0.884088 0.486335 -0.003190
v -0.884088 0.490244 0.008536
v -0.884088 0.494153 0.008536
v -0.911449 0.482427 -0.003190
v -0.911449 0.486335 0.008536
v -0.958353 0.488290 -0.003190
v -0.958353 0.494153 0.008536
v -0.958353 0.490244 0.008536
v -0.958353 0.486335 -0.003190
v -0.946627 0.486335 0.008536
v -0.946627 0.482427 -0.003190
v 0.192763 0.560601 -0.003190
v 0.225987 0.560601 -0.003190
v 0.225987 0.560601 0.008536
v 0.192763 0.560601 0.012445
v 0.225987 0.560601 0.012445
v 0.192763 0.560601 -0.003190
v 0.192763 0.560601 0.012445
v 0.188854 0.539103 0.012445
v 0.188854 0.539103 -0.003190
v 0.294389 0.539103 0.012445
v 0.292435 0.554738 0.012445
v 0.292435 0.554738 0.008536
v 0.294389 0.539103 -0.003190
v 0.292435 0.554738 -0.003190
v 0.268983 0.550829 0.012445
v 0.268983 0.564510 0.012445
v 0.280709 0.570373 0.012445
v 0.292435 0.554738 0.012445
v 0.272891 0.578190 0.012445
v 0.265074 0.566464 0.012445
v 0.263120 0.566464 0.012445
v 0.261165 0.580145 0.012445
v 0.255302 0.578190 0.012445
v 0.259211 0.566464 0.012445
v 0.257257 0.564510 0.012445
v 0.241622 0.566464 0.012445
v 0.257257 0.550829 0.012445
v 0.225987 0.560601 0.012445
v 0.294389 0.539103 0.012445
v 0.265074 0.548875 0.012445
v 0.259211 0.548875 0.012445
v 0.188854 0.539103 0.012445
v 0.263120 0.546921 0.012445
v 0.192763 0.560601 0.012445
v 0.241622 0.566464 0.008536
v 0.225987 0.560601 0.012445
v 0.225987 0.560601 0.008536
v 0.241622 0.566464 0.012445
v 0.255302 0.578190 0.012445
v 0.255302 0.578190 0.008536
v 0.261165 0.580145 0.008536
v 0.261165 0.580145 0.012445
v 0.272891 0.578190 0.008536
v 0.272891 0.578190 0.012445
v 0.280709 0.570373 0.008536
v 0.280709 0.570373 0.012445
v 0.292435 0.554738 0.008536
v 0.292435 0.554738 0.012445
v 0.257257 0.550829 0.008536
v 0.257257 0.564510 0.008536
v 0.241622 0.566464 0.008536
v 0.225987 0.560601 0.008536
v 0.255302 0.578190 0.008536
v 0.259211 0.566464 0.008536
v 0.263120 0.566464 0.008536
v 0.261165 0.580145 0.008536
v 0.272891 0.578190 0.008536
v 0.265074 0.566464 0.008536
v 0.268983 0.564510 0.008536
v 0.280709 0.570373 0.008536
v 0.268983 0.550829 0.008536
v 0.292435 0.554738 0.008536
v 0.257257 0.564510 0.012445
v 0.257257 0.564510 0.008536
v 0.257257 0.550829 0.012445
v 0.257257 0.550829 0.008536
v 0.259211 0.566464 0.008536
v 0.259211 0.566464 0.012445
v 0.259211 0.548875 0.008536
v 0.259211 0.548875 0.012445
v 0.263120 0.566464 0.008536
v 0.263120 0.566464 0.012445
v 0.265074 0.566464 0.008536
v 0.265074 0.566464 0.012445
v 0.268983 0.564510 0.012445
v 0.268983 0.564510 0.008536
v 0.268983 0.550829 0.012445
v 0.268983 0.550829 0.008536
v 0.265074 0.548875 0.008536
v 0.265074 0.548875 0.012445
v 0.263120 0.546921 0.008536
v 0.263120 0.546921 0.012445
v 0.263120 0.546921 0.008536
v 0.263120 0.546921 0.012445
v 0.268983 0.550829 -0.003190
v 0.292435 0.554738 -0.003190
v 0.292435 0.554738 0.008536
v 0.268983 0.550829 0.008536
v 0.265074 0.548875 0.008536
v 0.265074 0.548875 -0.003190
v 0.263120 0.546921 0.008536
v 0.263120 0.546921 -0.003190
v 0.259211 0.548875 -0.003190
v 0.259211 0.548875 0.008536
v 0.257257 0.550829 -0.003190
v 0.257257 0.550829 0.008536
v 0.225987 0.560601 -0.003190
v 0.225987 0.560601 0.008536
v 0.192763 0.560601 -0.003190
v 0.192763 0.560601 -0.018825
v 0.225987 0.560601 -0.014916
v 0.225987 0.560601 -0.003190
v 0.225987 0.560601 -0.018825
v 0.192763 0.560601 -0.003190
v 0.188854 0.539103 -0.003190
v 0.188854 0.539103 -0.018825
v 0.192763 0.560601 -0.018825
v 0.294389 0.539103 -0.018825
v 0.292435 0.554738 -0.014916
v 0.292435 0.554738 -0.018825
v 0.294389 0.539103 -0.003190
v 0.292435 0.554738 -0.003190
v 0.280709 0.570373 -0.018825
v 0.268983 0.564510 -0.018825
v 0.268983 0.550829 -0.018825
v 0.292435 0.554738 -0.018825
v 0.272891 0.578190 -0.018825
v 0.265074 0.566464 -0.018825
v 0.263120 0.566464 -0.018825
v 0.261165 0.580145 -0.018825
v 0.255302 0.578190 -0.018825
v 0.259211 0.566464 -0.018825
v 0.257257 0.564510 -0.018825
v 0.241622 0.566464 -0.018825
v 0.257257 0.550829 -0.018825
v 0.225987 0.560601 -0.018825
v 0.294389 0.539103 -0.018825
v 0.265074 0.548875 -0.018825
v 0.259211 0.548875 -0.018825
v 0.188854 0.539103 -0.018825
v 0.263120 0.546921 -0.018825
v 0.192763 0.560601 -0.018825
v 0.225987 0.560601 -0.014916
v 0.225987 0.560601 -0.018825
v 0.241622 0.566464 -0.018825
v 0.241622 0.566464 -0.014916
v 0.255302 0.578190 -0.018825
v 0.255302 0.578190 -0.014916
v 0.261165 0.580145 -0.014916
v 0.261165 0.580145 -0.018825
v 0.272891 0.578190 -0.018825
v 0.272891 0.578190 -0.014916
v 0.280709 0.570373 -0.014916
v 0.280709 0.570373 -0.018825
v 0.292435 0.554738 -0.014916
v 0.292435 0.554738 -0.018825
v 0.241622 0.566464 -0.014916
v 0.257257 0.564510 -0.014916
v 0.257257 0.550829 -0.014916
v 0.225987 0.560601 -0.014916
v 0.255302 0.578190 -0.014916
v 0.259211 0.566464 -0.014916
v 0.263120 0.566464 -0.014916
v 0.261165 0.580145 -0.014916
v 0.272891 0.578190 -0.014916
v 0.265074 0.566464 -0.014916
v 0.268983 0.564510 -0.014916
v 0.280709 0.570373 -0.014916
v 0.268983 0.550829 -0.014916
v 0.292435 0.554738 -0.014916
v 0.257257 0.564510 -0.014916
v 0.257257 0.564510 -0.018825
v 0.257257 0.550829 -0.018825
v 0.257257 0.550829 -0.014916
v 0.259211 0.566464 -0.014916
v 0.259211 0.566464 -0.018825
v 0.259211 0.548875 -0.014916
v 0.259211 0.548875 -0.018825
v 0.263120 0.566464 -0.014916
v 0.263120 0.566464 -0.018825
v 0.265074 0.566464 -0.014916
v 0.265074 0.566464 -0.018825
v 0.268983 0.564510 -0.018825
v 0.268983 0.564510 -0.014916
v 0.268983 0.550829 -0.018825
v 0.268983 0.550829 -0.014916
v 0.265074 0.548875 -0.014916
v 0.265074 0.548875 -0.018825
v 0.263120 0.546921 -0.014916
v 0.263120 0.546921 -0.018825
v 0.263120 0.546921 -0.014916
v 0.263120 0.546921 -0.018825
v 0.292435 0.554738 -0.014916
v 0.292435 0.554738 -0.003190
v 0.268983 0.550829 -0.003190
v 0.268983 0.550829 -0.014916
v 0.265074 0.548875 -0.014916
v 0.265074 0.548875 -0.003190
v 0.263120 0.546921 -0.014916
v 0.263120 0.546921 -0.003190
v 0.259211 0.548875 -0.003190
v 0.259211 0.548875 -0.014916
v 0.257257 0.550829 -0.003190
v 0.257257 0.550829 -0.014916
v 0.225987 0.560601 -0.003190
v 0.225987 0.560601 -0.014916
v -0.528395 0.474609 -0.030551
v -0.528395 0.462883 -0.038369
v -0.518623 0.462883 -0.038369
v -0.518623 0.474609 -0.030551
v -0.518623 0.447248 -0.042277
v -0.528395 0.447248 -0.042277
v -0.518623 0.484381 -0.014916
v -0.528395 0.484381 -0.014916
v -0.528395 0.449203 -0.038369
v -0.528395 0.423796 -0.032506
v -0.518623 0.423796 -0.032506
v -0.518623 0.449203 -0.038369
v -0.528395 0.415979 -0.038369
v -0.518623 0.415979 -0.038369
v -0.518623 0.408161 -0.034460
v -0.528395 0.408161 -0.034460
v -0.518623 0.408161 -0.003190
v -0.528395 0.408161 -0.003190
v -0.528395 0.447248 -0.042277
v -0.528395 0.449203 -0.038369
v -0.518623 0.449203 -0.038369
v -0.518623 0.447248 -0.042277
v -0.528395 0.417933 -0.028597
v -0.518623 0.417933 -0.028597
v -0.528395 0.412070 -0.032506
v -0.518623 0.412070 -0.032506
v -0.518623 0.412070 -0.003190
v -0.528395 0.412070 -0.003190
v -0.528395 0.415979 -0.003190
v -0.518623 0.415979 -0.003190
v -0.518623 0.415979 -0.038369
v -0.518623 0.408161 -0.034460
v -0.518623 0.412070 -0.032506
v -0.518623 0.408161 -0.003190
v -0.518623 0.412070 -0.003190
v -0.518623 0.417933 -0.028597
v -0.518623 0.423796 -0.032506
v -0.518623 0.449203 -0.038369
v -0.518623 0.415979 -0.003190
v -0.518623 0.484381 -0.003190
v -0.518623 0.484381 -0.014916
v -0.518623 0.488290 -0.014916
v -0.518623 0.474609 -0.030551
v -0.518623 0.462883 -0.038369
v -0.518623 0.447248 -0.042277
v -0.528395 0.412070 -0.032506
v -0.528395 0.408161 -0.034460
v -0.528395 0.415979 -0.038369
v -0.528395 0.408161 -0.003190
v -0.528395 0.412070 -0.003190
v -0.528395 0.417933 -0.028597
v -0.528395 0.423796 -0.032506
v -0.528395 0.449203 -0.038369
v -0.528395 0.484381 -0.014916
v -0.528395 0.415979 -0.003190
v -0.528395 0.490244 -0.003190
v -0.528395 0.492199 -0.014916
v -0.528395 0.474609 -0.030551
v -0.528395 0.462883 -0.038369
v -0.528395 0.447248 -0.042277
v -0.528395 0.492199 -0.014916
v -0.497125 0.488290 -0.014916
v -0.481490 0.492199 -0.014916
v -0.518623 0.488290 -0.014916
v -0.481490 0.484381 -0.014916
v -0.497125 0.484381 -0.014916
v -0.528395 0.484381 -0.014916
v -0.518623 0.484381 -0.014916
v -0.497125 0.484381 -0.003190
v -0.518623 0.488290 -0.014916
v -0.518623 0.484381 -0.003190
v -0.497125 0.488290 -0.014916
v -0.497125 0.484381 -0.014916
v -0.497125 0.484381 -0.003190
v -0.481490 0.492199 -0.014916
v -0.481490 0.484381 -0.014916
v -0.481490 0.490244 -0.003190
v -0.481490 0.410116 -0.003190
v -0.481490 0.421842 -0.028597
v -0.481490 0.474609 -0.028597
v -0.481490 0.449203 -0.040323
v -0.497125 0.474609 -0.028597
v -0.497125 0.449203 -0.040323
v -0.481490 0.449203 -0.040323
v -0.481490 0.474609 -0.028597
v -0.481490 0.421842 -0.028597
v -0.497125 0.421842 -0.028597
v -0.497125 0.410116 -0.003190
v -0.481490 0.410116 -0.003190
v -0.504942 0.470701 -0.022734
v -0.504942 0.449203 -0.032506
v -0.504942 0.425750 -0.022734
v -0.504942 0.415979 -0.003190
v -0.520577 0.470701 -0.022734
v -0.520577 0.480472 -0.003190
v -0.504942 0.480472 -0.003190
v -0.497125 0.484381 -0.014916
v -0.497125 0.484381 -0.003190
v -0.520577 0.449203 -0.032506
v -0.520577 0.425750 -0.022734
v -0.520577 0.415979 -0.003190
v -0.481490 0.484381 -0.014916
v -0.528395 0.474609 0.024171
v -0.518623 0.474609 0.024171
v -0.518623 0.462883 0.031988
v -0.528395 0.462883 0.031988
v -0.518623 0.447248 0.035897
v -0.528395 0.447248 0.035897
v -0.518623 0.484381 0.008536
v -0.528395 0.484381 0.008536
v -0.528395 0.449203 0.031988
v -0.518623 0.449203 0.031988
v -0.518623 0.423796 0.028080
v -0.528395 0.423796 0.028080
v -0.528395 0.415979 0.031988
v -0.518623 0.415979 0.031988
v -0.518623 0.408161 0.028080
v -0.528395 0.408161 0.028080
v -0.518623 0.408161 -0.003190
v -0.528395 0.408161 -0.003190
v -0.528395 0.447248 0.035897
v -0.518623 0.447248 0.035897
v -0.518623 0.449203 0.031988
v -0.528395 0.449203 0.031988
v -0.528395 0.417933 0.024171
v -0.528395 0.412070 0.026125
v -0.518623 0.417933 0.024171
v -0.518623 0.412070 0.026125
v -0.518623 0.412070 -0.003190
v -0.528395 0.412070 -0.003190
v -0.528395 0.415979 -0.003190
v -0.518623 0.415979 -0.003190
v -0.518623 0.408161 0.028080
v -0.518623 0.415979 0.031988
v -0.518623 0.412070 0.026125
v -0.518623 0.408161 -0.003190
v -0.518623 0.412070 -0.003190
v -0.518623 0.417933 0.024171
v -0.518623 0.423796 0.028080
v -0.518623 0.449203 0.031988
v -0.518623 0.484381 0.008536
v -0.518623 0.474609 0.024171
v -0.518623 0.462883 0.031988
v -0.518623 0.447248 0.035897
v -0.518623 0.415979 -0.003190
v -0.518623 0.484381 -0.003190
v -0.518623 0.488290 0.008536
v -0.528395 0.412070 0.026125
v -0.528395 0.415979 0.031988
v -0.528395 0.408161 0.028080
v -0.528395 0.408161 -0.003190
v -0.528395 0.412070 -0.003190
v -0.528395 0.417933 0.024171
v -0.528395 0.423796 0.028080
v -0.528395 0.449203 0.031988
v -0.528395 0.484381 0.008536
v -0.528395 0.415979 -0.003190
v -0.528395 0.490244 -0.003190
v -0.528395 0.492199 0.008536
v -0.528395 0.474609 0.024171
v -0.528395 0.462883 0.031988
v -0.528395 0.447248 0.035897
v -0.481490 0.492199 0.008536
v -0.497125 0.488290 0.008536
v -0.528395 0.492199 0.008536
v -0.518623 0.488290 0.008536
v -0.481490 0.484381 0.008536
v -0.497125 0.484381 0.008536
v -0.528395 0.484381 0.008536
v -0.518623 0.484381 0.008536
v -0.497125 0.488290 0.008536
v -0.497125 0.484381 -0.003190
v -0.518623 0.484381 -0.003190
v -0.518623 0.488290 0.008536
v -0.497125 0.484381 0.008536
v -0.497125 0.484381 -0.003190
v -0.481490 0.492199 0.008536
v -0.481490 0.490244 -0.003190
v -0.481490 0.484381 0.008536
v -0.481490 0.410116 -0.003190
v -0.481490 0.421842 0.022216
v -0.481490 0.474609 0.022216
v -0.481490 0.449203 0.035897
v -0.497125 0.474609 0.022216
v -0.481490 0.474609 0.022216
v -0.481490 0.449203 0.035897
v -0.497125 0.449203 0.035897
v -0.481490 0.421842 0.022216
v -0.497125 0.421842 0.022216
v -0.497125 0.410116 -0.003190
v -0.481490 0.410116 -0.003190
v -0.504942 0.470701 0.016353
v -0.504942 0.449203 0.028080
v -0.504942 0.425750 0.016353
v -0.504942 0.415979 -0.003190
v -0.520577 0.470701 0.016353
v -0.520577 0.480472 -0.003190
v -0.504942 0.480472 -0.003190
v -0.497125 0.484381 0.008536
v -0.497125 0.484381 -0.003190
v -0.520577 0.449203 0.028080
v -0.520577 0.425750 0.016353
v -0.520577 0.415979 -0.003190
v -0.481490 0.484381 0.008536
v -0.166839 0.470701 -0.046186
v -0.383772 0.470701 -0.046186
v -0.383772 0.441385 -0.040323
v -0.082801 0.431614 -0.038369
v -0.383772 0.417933 -0.026642
v -0.082801 0.417933 -0.028597
v -0.082801 0.408161 -0.003190
v -0.383772 0.408161 -0.003190
v -0.479536 0.457020 -0.040323
v -0.479536 0.425750 -0.032506
v -0.082801 0.505879 -0.038369
v -0.383772 0.503925 -0.034460
v -0.479536 0.484381 -0.024688
v -0.479536 0.500016 -0.024688
v -0.383772 0.505879 -0.032506
v -0.479536 0.505879 -0.026642
v -0.479536 0.412070 -0.003190
v -0.479536 0.505879 -0.003190
v -0.383772 0.505879 -0.032506
v -0.082801 0.505879 -0.003190
v -0.082801 0.505879 -0.038369
v -0.479536 0.505879 -0.026642
v -0.479536 0.425750 -0.032506
v -0.479536 0.457020 -0.040323
v -0.479536 0.484381 -0.024688
v -0.479536 0.412070 -0.003190
v -0.479536 0.505879 -0.003190
v -0.479536 0.500016 -0.024688
v -0.479536 0.505879 -0.026642
v -0.082801 0.505879 -0.038369
v -0.082801 0.431614 -0.038369
v -0.082801 0.417933 -0.028597
v -0.082801 0.505879 -0.003190
v -0.082801 0.408161 -0.003190
v -0.383772 0.441385 0.033943
v -0.383772 0.470701 0.041760
v -0.166839 0.470701 0.041760
v -0.082801 0.431614 0.031988
v -0.383772 0.417933 0.020262
v -0.082801 0.417933 0.022216
v -0.082801 0.408161 -0.003190
v -0.383772 0.408161 -0.003190
v -0.479536 0.457020 0.033943
v -0.479536 0.425750 0.026125
v -0.082801 0.505879 0.033943
v -0.383772 0.503925 0.028080
v -0.479536 0.484381 0.018308
v -0.479536 0.500016 0.018308
v -0.383772 0.505879 0.028080
v -0.479536 0.505879 0.022216
v -0.479536 0.412070 -0.003190
v -0.082801 0.505879 -0.003190
v -0.082801 0.505879 0.033943
v -0.383772 0.505879 0.028080
v -0.479536 0.505879 -0.003190
v -0.479536 0.505879 0.022216
v -0.479536 0.425750 0.026125
v -0.479536 0.484381 0.018308
v -0.479536 0.457020 0.033943
v -0.479536 0.412070 -0.003190
v -0.479536 0.505879 -0.003190
v -0.479536 0.500016 0.018308
v -0.479536 0.505879 0.022216
v -0.082801 0.505879 0.033943
v -0.082801 0.417933 0.022216
v -0.082801 0.431614 0.031988
v -0.082801 0.505879 -0.003190
v -0.082801 0.408161 -0.003190
v 0.730211 0.408161 0.024171
v 0.730211 0.382755 0.024171
v 0.702850 0.390572 0.024171
v 0.708713 0.414024 0.024171
v 0.696987 0.374937 0.022216
v 0.728256 0.367120 0.022216
v 0.732165 0.404253 0.024171
v 0.685261 0.376892 0.022216
v 0.687215 0.376892 0.024171
v 0.685261 0.367120 0.022216
v 0.683306 0.365165 0.018308
v 0.691124 0.394481 0.024171
v 0.685261 0.396435 0.014399
v 0.698941 0.417933 0.024171
v 0.693078 0.417933 0.010490
v 0.687215 0.402298 -0.005145
v 0.693078 0.417933 -0.005145
v 0.708713 0.414024 0.024171
v 0.704804 0.415979 0.026125
v 0.698941 0.417933 0.024171
v 0.693078 0.417933 0.010490
v 0.730211 0.408161 -0.005145
v 0.693078 0.417933 -0.005145
v 0.730211 0.408161 0.024171
v 0.732165 0.404253 -0.005145
v 0.730211 0.386663 0.014399
v 0.732165 0.404253 0.024171
v 0.730211 0.382755 0.024171
v 0.730211 0.390572 -0.005145
v 0.728256 0.367120 0.022216
v 0.730211 0.408161 0.024171
v 0.730211 0.408161 -0.005145
v 0.691124 0.376892 0.026125
v 0.687215 0.365165 0.024171
v 0.685261 0.367120 0.022216
v 0.687215 0.376892 0.024171
v 0.683306 0.365165 0.018308
v 0.687215 0.361257 0.018308
v 0.691124 0.365165 0.022216
v 0.691124 0.361257 0.018308
v 0.696987 0.374937 0.022216
v 0.695032 0.374937 0.024171
v 0.702850 0.390572 0.024171
v 0.696987 0.392526 0.026125
v 0.704804 0.415979 0.026125
v 0.708713 0.414024 0.024171
v 0.691124 0.394481 0.024171
v 0.698941 0.417933 0.024171
v 0.935418 0.331941 0.014399
v 0.929555 0.312398 0.020262
v 0.728256 0.367120 0.022216
v 0.730211 0.386663 0.014399
v 0.730211 0.390572 -0.005145
v 0.937373 0.339759 -0.005145
v 0.925646 0.292854 0.014399
v 0.691124 0.361257 0.018308
v 0.696987 0.374937 0.022216
v 0.687215 0.361257 0.018308
v 0.612949 0.374937 0.016353
v 0.923692 0.288946 -0.005145
v 0.610995 0.367120 -0.005145
v 0.683306 0.365165 0.018308
v 0.685261 0.376892 0.022216
v 0.616858 0.394481 0.022216
v 0.685261 0.396435 0.014399
v 0.622721 0.412070 0.014399
v 0.624676 0.417933 -0.005145
v 0.687215 0.402298 -0.005145
v 0.616858 0.394481 0.022216
v 0.612949 0.374937 0.016353
v 0.622721 0.412070 0.014399
v 0.624676 0.417933 -0.005145
v 0.610995 0.367120 -0.005145
v 0.612949 0.376892 -0.024688
v 0.622721 0.410116 -0.022734
v 0.616858 0.392526 -0.030551
v 0.622721 0.410116 -0.022734
v 0.929555 0.312398 -0.030551
v 0.935418 0.329987 -0.022734
v 0.616858 0.392526 -0.030551
v 0.730211 0.390572 -0.005145
v 0.937373 0.339759 -0.005145
v 0.925646 0.296763 -0.024688
v 0.612949 0.376892 -0.024688
v 0.923692 0.288946 -0.005145
v 0.610995 0.367120 -0.005145
v 0.687215 0.402298 -0.005145
v 0.624676 0.417933 -0.005145
v 0.724348 0.402298 0.026125
v 0.724348 0.402298 0.022216
v 0.724348 0.392526 0.026125
v 0.724348 0.392526 0.022216
v 0.724348 0.402298 0.022216
v 0.716530 0.406207 0.026125
v 0.716530 0.406207 0.022216
v 0.724348 0.402298 0.026125
v 0.706758 0.402298 0.022216
v 0.716530 0.406207 0.022216
v 0.716530 0.406207 0.026125
v 0.706758 0.402298 0.026125
v 0.706758 0.402298 0.026125
v 0.706758 0.392526 0.026125
v 0.706758 0.392526 0.022216
v 0.706758 0.402298 0.022216
v 0.716530 0.388618 0.026125
v 0.706758 0.392526 0.022216
v 0.706758 0.392526 0.026125
v 0.716530 0.388618 0.022216
v 0.716530 0.388618 0.026125
v 0.724348 0.392526 0.026125
v 0.724348 0.392526 0.022216
v 0.716530 0.388618 0.022216
v 0.706758 0.392526 0.026125
v 0.706758 0.402298 0.026125
v 0.716530 0.406207 0.026125
v 0.716530 0.388618 0.026125
v 0.724348 0.392526 0.026125
v 0.724348 0.402298 0.026125
v 0.696987 0.392526 0.000719
v 0.714576 0.382755 0.004627
v 0.720439 0.382755 -0.026642
v 0.700895 0.392526 -0.030551
v 0.689169 0.404253 -0.001236
v 0.693078 0.404253 -0.032506
v 0.696987 0.414024 -0.030551
v 0.691124 0.414024 -0.001236
v 0.698941 0.417933 0.000719
v 0.704804 0.417933 -0.030551
v 0.728256 0.414024 -0.026642
v 0.724348 0.414024 0.004627
v 0.732165 0.404253 -0.024688
v 0.726302 0.404253 0.006582
v 0.720439 0.382755 0.004627
v 0.726302 0.382755 -0.026642
v 0.704804 0.417933 -0.030551
v 0.693078 0.404253 -0.032506
v 0.700895 0.392526 -0.030551
v 0.696987 0.414024 -0.030551
v 0.728256 0.414024 -0.026642
v 0.720439 0.382755 -0.026642
v 0.732165 0.404253 -0.024688
v 0.726302 0.382755 -0.026642
v 0.884605 0.349531 -0.007099
v 0.894377 0.357348 -0.007099
v 0.894377 0.357348 0.000719
v 0.884605 0.349531 0.000719
v 0.900240 0.414024 0.000719
v 0.900240 0.414024 -0.007099
v 0.886559 0.423796 0.000719
v 0.886559 0.423796 -0.007099
v 0.933464 0.425750 0.000719
v 0.908057 0.415979 0.000719
v 0.886559 0.423796 0.000719
v 0.915875 0.415979 0.000719
v 0.900240 0.414024 0.000719
v 0.910012 0.353439 0.000719
v 0.925646 0.337804 0.000719
v 0.904148 0.355394 0.000719
v 0.884605 0.349531 0.000719
v 0.894377 0.357348 0.000719
v 0.908057 0.415979 -0.007099
v 0.915875 0.415979 -0.007099
v 0.933464 0.425750 -0.007099
v 0.886559 0.423796 -0.007099
v 0.910012 0.353439 -0.007099
v 0.925646 0.337804 -0.007099
v 0.904148 0.355394 -0.007099
v 0.884605 0.349531 -0.007099
v 0.900240 0.414024 -0.007099
v 0.894377 0.357348 -0.007099
v 0.915875 0.415979 0.000719
v 0.910012 0.353439 0.000719
v 0.910012 0.353439 -0.007099
v 0.915875 0.415979 -0.007099
v 0.908057 0.415979 -0.007099
v 0.908057 0.415979 0.000719
v 0.904148 0.355394 0.000719
v 0.904148 0.355394 -0.007099
v 0.904148 0.355394 -0.007099
v 0.904148 0.355394 0.000719
v 0.892422 0.271356 0.000719
v 0.865061 0.306535 0.000719
v 0.896331 0.285037 0.000719
v 0.896331 0.271356 0.000719
v 0.921738 0.292854 0.000719
v 0.910012 0.285037 0.000719
v 0.904148 0.228361 0.000719
v 0.910012 0.271356 0.000719
v 0.913920 0.222497 0.000719
v 0.904148 0.228361 0.000719
v 0.913920 0.222497 0.000719
v 0.913920 0.222497 -0.007099
v 0.904148 0.228361 -0.007099
v 0.892422 0.271356 0.000719
v 0.892422 0.271356 -0.007099
v 0.865061 0.306535 0.000719
v 0.865061 0.306535 -0.007099
v 0.904148 0.228361 -0.007099
v 0.910012 0.271356 -0.007099
v 0.896331 0.271356 -0.007099
v 0.913920 0.222497 -0.007099
v 0.921738 0.292854 -0.007099
v 0.910012 0.285037 -0.007099
v 0.896331 0.285037 -0.007099
v 0.865061 0.306535 -0.007099
v 0.892422 0.271356 -0.007099
v 0.910012 0.285037 0.000719
v 0.910012 0.271356 0.000719
v 0.910012 0.285037 -0.007099
v 0.910012 0.271356 -0.007099
v 0.896331 0.271356 -0.007099
v 0.896331 0.271356 0.000719
v 0.896331 0.285037 -0.007099
v 0.896331 0.285037 0.000719
v 0.910012 0.285037 0.000719
v 0.910012 0.285037 -0.007099
v 0.872879 0.384709 -0.003190
v 0.872879 0.384709 -0.042277
v 0.841609 0.353439 -0.038369
v 0.841609 0.353439 -0.003190
v 0.888514 0.431614 -0.032506
v 0.890468 0.429659 -0.003190
v 0.728256 0.363211 -0.026642
v 0.728256 0.363211 -0.003190
v 0.890468 0.447248 -0.003190
v 0.732165 0.408161 -0.003190
v 0.728256 0.363211 -0.003190
v 0.728256 0.363211 -0.026642
v 0.732165 0.408161 -0.032506
v 0.728256 0.414024 -0.032506
v 0.728256 0.414024 -0.003190
v 0.691124 0.419887 -0.026642
v 0.691124 0.419887 -0.003190
v 0.685261 0.402298 -0.026642
v 0.685261 0.402298 -0.003190
v 0.732165 0.408161 -0.032506
v 0.728256 0.363211 -0.026642
v 0.841609 0.353439 -0.038369
v 0.872879 0.384709 -0.042277
v 0.728256 0.414024 -0.032506
v 0.888514 0.431614 -0.032506
v 0.691124 0.419887 -0.026642
v 0.566045 0.478518 -0.012962
v 0.560182 0.466792 -0.012962
v 0.685261 0.402298 -0.026642
v 0.562136 0.482427 -0.003190
v 0.890468 0.447248 -0.003190
v 0.556273 0.468746 -0.003190
v 0.560182 0.466792 -0.012962
v 0.556273 0.468746 -0.003190
v 0.685261 0.402298 -0.003190
v 0.685261 0.402298 -0.026642
v 0.872879 0.384709 -0.003190
v 0.841609 0.353439 0.031988
v 0.872879 0.384709 0.035897
v 0.841609 0.353439 -0.003190
v 0.888514 0.431614 0.028080
v 0.890468 0.429659 -0.003190
v 0.728256 0.363211 0.022216
v 0.728256 0.363211 -0.003190
v 0.890468 0.447248 -0.003190
v 0.732165 0.408161 -0.003190
v 0.732165 0.408161 0.026125
v 0.728256 0.363211 0.022216
v 0.728256 0.363211 -0.003190
v 0.728256 0.414024 0.026125
v 0.728256 0.414024 -0.003190
v 0.691124 0.419887 0.020262
v 0.691124 0.419887 -0.003190
v 0.685261 0.402298 0.020262
v 0.685261 0.402298 -0.003190
v 0.732165 0.408161 0.026125
v 0.841609 0.353439 0.031988
v 0.728256 0.363211 0.022216
v 0.872879 0.384709 0.035897
v 0.728256 0.414024 0.026125
v 0.888514 0.431614 0.028080
v 0.691124 0.419887 0.020262
v 0.566045 0.478518 0.006582
v 0.560182 0.466792 0.008536
v 0.685261 0.402298 0.020262
v 0.562136 0.482427 -0.003190
v 0.890468 0.447248 -0.003190
v 0.556273 0.468746 -0.003190
v 0.560182 0.466792 0.008536
v 0.685261 0.402298 0.020262
v 0.685261 0.402298 -0.003190
v 0.556273 0.468746 -0.003190
v 0.990140 0.415979 0.031988
v 0.978414 0.212726 0.020262
v 0.915875 0.240087 0.020262
v 0.931509 0.425750 0.028080
v 0.913920 0.220543 -0.001236
v 0.982323 0.193182 0.000719
v 0.992094 0.431614 0.020262
v 0.933464 0.437477 0.016353
v 0.935418 0.445294 -0.001236
v 0.994049 0.437477 0.000719
v 0.997958 0.408161 0.000719
v 0.986231 0.212726 0.000719
v 0.978414 0.212726 0.020262
v 0.990140 0.415979 0.031988
v 0.982323 0.193182 0.000719
v 0.992094 0.431614 0.020262
v 0.994049 0.437477 0.000719
v 0.990140 0.415979 -0.030551
v 0.931509 0.425750 -0.030551
v 0.915875 0.240087 -0.022734
v 0.978414 0.212726 -0.020779
v 0.913920 0.220543 -0.001236
v 0.982323 0.193182 0.000719
v 0.992094 0.431614 -0.018825
v 0.933464 0.439431 -0.018825
v 0.935418 0.445294 -0.001236
v 0.994049 0.437477 0.000719
v 0.997958 0.408161 0.000719
v 0.990140 0.415979 -0.030551
v 0.978414 0.212726 -0.020779
v 0.986231 0.212726 0.000719
v 0.982323 0.193182 0.000719
v 0.992094 0.431614 -0.018825
v 0.994049 0.437477 0.000719
v 0.931509 0.425750 -0.030551
v 0.931509 0.425750 -0.018825
v 0.915875 0.240087 -0.022734
v 0.933464 0.439431 -0.018825
v 0.931509 0.425750 -0.001236
v 0.915875 0.240087 -0.001236
v 0.913920 0.220543 -0.001236
v 0.915875 0.240087 0.020262
v 0.931509 0.425750 0.028080
v 0.933464 0.439431 -0.018825
v 0.935418 0.445294 -0.001236
v 0.888514 0.445294 -0.001236
v 0.886559 0.437477 -0.020779
v 0.888514 0.445294 -0.001236
v 0.935418 0.445294 -0.001236
v 0.933464 0.437477 0.016353
v 0.886559 0.437477 0.014399
v 0.931509 0.425750 0.028080
v 0.884605 0.423796 0.026125
v 0.884605 0.423796 0.026125
v 0.931509 0.425750 0.028080
v 0.931509 0.425750 -0.001236
v 0.884605 0.423796 -0.001236
v 0.884605 0.423796 -0.018825
v 0.931509 0.425750 -0.018825
v 0.886559 0.437477 -0.020779
v 0.931509 0.425750 -0.018825
v 0.933464 0.439431 -0.018825
v 0.884605 0.423796 -0.018825
v 0.091136 0.519560 -0.030551
v 0.091136 0.533240 -0.018825
v -0.055440 0.533240 -0.018825
v -0.055440 0.519560 -0.030551
v -0.055440 0.494153 -0.026642
v 0.091136 0.492199 -0.026642
v -0.002673 0.505879 -0.065730
v -0.008536 0.515651 -0.065730
v -0.008536 0.496107 -0.065730
v -0.020262 0.496107 -0.065730
v -0.020262 0.515651 -0.065730
v -0.026125 0.505879 -0.065730
v -0.006582 0.505879 -0.046186
v -0.010490 0.513696 -0.046186
v -0.002673 0.505879 -0.065730
v -0.008536 0.515651 -0.065730
v -0.002673 0.505879 -0.026642
v -0.008536 0.515651 -0.026642
v -0.018308 0.513696 -0.046186
v -0.020262 0.515651 -0.065730
v -0.020262 0.515651 -0.026642
v -0.026125 0.505879 -0.065730
v -0.022216 0.505879 -0.046186
v -0.026125 0.505879 -0.026642
v -0.018308 0.500016 -0.046186
v -0.020262 0.496107 -0.065730
v -0.020262 0.496107 -0.026642
v -0.010490 0.500016 -0.046186
v -0.008536 0.496107 -0.065730
v -0.018308 0.500016 -0.046186
v -0.020262 0.496107 -0.065730
v -0.020262 0.496107 -0.026642
v -0.008536 0.496107 -0.026642
v 0.177128 0.552784 -0.014916
v 0.177128 0.541057 -0.014916
v 0.177128 0.541057 -0.003190
v 0.177128 0.552784 0.008536
v 0.177128 0.541057 0.008536
v 0.091136 0.519560 -0.014916
v 0.091136 0.533240 -0.003190
v 0.091136 0.533240 -0.018825
v 0.091136 0.519560 -0.030551
v 0.091136 0.492199 -0.026642
v 0.091136 0.492199 -0.011008
v 0.093091 0.509788 -0.034460
v 0.089182 0.507833 -0.014916
v 0.206443 0.507833 -0.014916
v 0.206443 0.507833 -0.034460
vt 0.537637 0.767767
vt 0.483029 0.787270
vt 0.479129 0.771668
vt 0.545438 0.740464
vt 0.561040 0.713160
vt 0.561040 0.720961
vt 0.459626 0.709259
vt 0.561040 0.709259
vt 0.564940 0.709259
vt 0.494731 0.810673
vt 0.541537 0.787270
vt 0.537637 0.631249
vt 0.475228 0.635150
vt 0.522034 0.494731
vt 0.592244 0.506432
vt 0.545438 0.650752
vt 0.471328 0.650752
vt 0.584443 0.483029
vt 0.510333 0.467427
vt 0.479129 0.654652
vt 0.584443 0.670254
vt 0.498631 0.490830
vt 0.455726 0.631249
vt 0.444024 0.646851
vt 0.486930 0.467427
vt 0.486930 0.705359
vt 0.564940 0.705359
vt 0.580542 0.705359
vt 0.619547 0.662453
vt 0.471328 0.654652
vt 0.459626 0.689757
vt 0.455726 0.701458
vt 0.451825 0.681956
vt 0.373815 0.756066
vt 0.389417 0.728762
vt 0.389417 0.756066
vt 0.373815 0.728762
vt 0.373815 0.880882
vt 0.389417 0.880882
vt 0.354312 0.756066
vt 0.354312 0.880882
vt 0.354312 0.728762
vt 0.459626 0.736563
vt 0.444024 0.732663
vt 0.444024 0.853579
vt 0.463527 0.849678
vt 0.471328 0.830176
vt 0.471328 0.756066
vt 0.919888 0.802872
vt 0.904285 0.802872
vt 0.919888 0.654652
vt 0.904285 0.654652
vt 0.919888 0.627349
vt 0.904285 0.627349
vt 0.915987 0.822375
vt 0.904285 0.818474
vt 0.919888 0.822375
vt 0.494731 0.888683
vt 0.494731 0.841877
vt 0.514233 0.845778
vt 0.510333 0.888683
vt 0.506432 0.826275
vt 0.529836 0.857479
vt 0.525935 0.888683
vt 0.510333 0.919888
vt 0.533736 0.919888
vt 0.873081 0.744364
vt 0.873081 0.720961
vt 0.876982 0.720961
vt 0.880882 0.740464
vt 0.869181 0.697558
vt 0.876982 0.689757
vt 0.678055 0.709259
vt 0.670254 0.693657
vt 0.681956 0.689757
vt 0.670254 0.709259
vt 0.678055 0.666354
vt 0.670254 0.666354
vt 0.990097 0.596144
vt 0.990097 0.681956
vt 0.974495 0.666354
vt 0.974495 0.615647
vt 0.970594 0.635150
vt 0.919888 0.607846
vt 0.919888 0.615647
vt 0.912087 0.615647
vt 0.912087 0.607846
vt 0.912087 0.600045
vt 0.919888 0.600045
vt 0.919888 0.596144
vt 0.912087 0.596144
vt 0.904285 0.709259
vt 0.896484 0.701458
vt 0.896484 0.697558
vt 0.900385 0.693657
vt 0.970594 0.635150
vt 0.970594 0.631249
vt 0.974495 0.615647
vt 0.650752 0.650752
vt 0.631249 0.650752
vt 0.650752 0.639050
vt 0.592244 0.650752
vt 0.592244 0.650752
vt 0.432323 0.459626
vt 0.373815 0.459626
vt 0.373815 0.444024
vt 0.432323 0.444024
vt 0.561040 0.588343
vt 0.576642 0.588343
vt 0.576642 0.600045
vt 0.561040 0.603945
vt 0.635150 0.463527
vt 0.646851 0.463527
vt 0.642951 0.518134
vt 0.900385 0.693657
vt 0.896484 0.588343
vt 0.900385 0.615647
vt 0.908186 0.588343
vt 0.783369 0.771668
vt 0.771668 0.787270
vt 0.759966 0.775568
vt 0.783369 0.759966
vt 0.756066 0.795071
vt 0.810673 0.767767
vt 0.810673 0.759966
vt 0.596144 0.537637
vt 0.603945 0.537637
vt 0.600045 0.549338
vt 0.592244 0.549338
vt 0.603945 0.475228
vt 0.619547 0.514233
vt 0.627349 0.475228
vt 0.627349 0.463527
vt 0.537637 0.767767
vt 0.483029 0.787270
vt 0.494731 0.810673
vt 0.541537 0.787270
vt 0.537637 0.767767
vt 0.479129 0.771668
vt 0.545438 0.740464
vt 0.561040 0.713160
vt 0.561040 0.720961
vt 0.459626 0.709259
vt 0.561040 0.709259
vt 0.522034 0.494731
vt 0.475228 0.635150
vt 0.537637 0.631249
vt 0.592244 0.506432
vt 0.545438 0.650752
vt 0.471328 0.650752
vt 0.584443 0.483029
vt 0.510333 0.467427
vt 0.479129 0.654652
vt 0.584443 0.670254
vt 0.498631 0.490830
vt 0.455726 0.631249
vt 0.444024 0.646851
vt 0.486930 0.467427
vt 0.486930 0.705359
vt 0.564940 0.705359
vt 0.580542 0.705359
vt 0.619547 0.662453
vt 0.471328 0.654652
vt 0.459626 0.689757
vt 0.455726 0.701458
vt 0.451825 0.681956
vt 0.389417 0.728762
vt 0.373815 0.756066
vt 0.389417 0.756066
vt 0.373815 0.728762
vt 0.373815 0.880882
vt 0.389417 0.880882
vt 0.354312 0.756066
vt 0.354312 0.880882
vt 0.354312 0.728762
vt 0.444024 0.853579
vt 0.444024 0.732663
vt 0.459626 0.736563
vt 0.463527 0.849678
vt 0.471328 0.830176
vt 0.471328 0.756066
vt 0.919888 0.654652
vt 0.904285 0.802872
vt 0.919888 0.802872
vt 0.904285 0.654652
vt 0.919888 0.627349
vt 0.904285 0.627349
vt 0.915987 0.822375
vt 0.904285 0.818474
vt 0.919888 0.822375
vt 0.494731 0.888683
vt 0.514233 0.845778
vt 0.494731 0.841877
vt 0.510333 0.888683
vt 0.506432 0.826275
vt 0.529836 0.857479
vt 0.525935 0.888683
vt 0.510333 0.919888
vt 0.533736 0.919888
vt 0.873081 0.744364
vt 0.880882 0.740464
vt 0.876982 0.720961
vt 0.873081 0.720961
vt 0.869181 0.697558
vt 0.876982 0.689757
vt 0.681956 0.689757
vt 0.670254 0.693657
vt 0.678055 0.709259
vt 0.670254 0.709259
vt 0.678055 0.666354
vt 0.670254 0.666354
vt 0.919888 0.607846
vt 0.912087 0.607846
vt 0.912087 0.615647
vt 0.919888 0.615647
vt 0.912087 0.600045
vt 0.919888 0.600045
vt 0.919888 0.596144
vt 0.912087 0.596144
vt 0.904285 0.709259
vt 0.896484 0.693657
vt 0.896484 0.701458
vt 0.974495 0.615647
vt 0.970594 0.631249
vt 0.970594 0.635150
vt 0.974495 0.615647
vt 0.970594 0.635150
vt 0.974495 0.666354
vt 0.990097 0.596144
vt 0.990097 0.681956
vt 0.631249 0.650752
vt 0.650752 0.650752
vt 0.650752 0.639050
vt 0.592244 0.650752
vt 0.592244 0.650752
vt 0.432323 0.459626
vt 0.373815 0.444024
vt 0.373815 0.459626
vt 0.432323 0.444024
vt 0.576642 0.600045
vt 0.576642 0.588343
vt 0.561040 0.588343
vt 0.561040 0.603945
vt 0.646851 0.463527
vt 0.635150 0.463527
vt 0.642951 0.518134
vt 0.896484 0.693657
vt 0.900385 0.615647
vt 0.896484 0.588343
vt 0.908186 0.588343
vt 0.763867 0.775568
vt 0.771668 0.787270
vt 0.783369 0.771668
vt 0.783369 0.759966
vt 0.759966 0.775568
vt 0.756066 0.795071
vt 0.810673 0.767767
vt 0.810673 0.759966
vt 0.603945 0.475228
vt 0.627349 0.475228
vt 0.627349 0.463527
vt 0.619547 0.514233
vt 0.603945 0.537637
vt 0.596144 0.537637
vt 0.600045 0.549338
vt 0.592244 0.549338
vt 0.073475 0.463527
vt 0.288003 0.475228
vt 0.065674 0.479129
vt 0.167087 0.451825
vt 0.288003 0.455726
vt 0.299705 0.494731
vt 0.178789 0.498631
vt 0.061773 0.498631
vt 0.178789 0.514233
vt 0.014967 0.451825
vt 0.007166 0.471328
vt 0.471328 0.498631
vt 0.436223 0.490830
vt 0.471328 0.475228
vt 0.444024 0.475228
vt 0.444024 0.444024
vt 0.471328 0.373815
vt 0.163187 0.444024
vt 0.018867 0.432323
vt 0.038370 0.369914
vt 0.167087 0.436223
vt 0.284103 0.373815
vt 0.252899 0.362113
vt 0.042270 0.358213
vt 0.436223 0.436223
vt 0.346511 0.373815
vt 0.424521 0.362113
vt 0.342611 0.358213
vt 0.323108 0.358213
vt 0.471328 0.362113
vt 0.432323 0.338710
vt 0.471328 0.338710
vt 0.303605 0.358213
vt 0.288003 0.358213
vt 0.646851 0.658553
vt 0.600045 0.658553
vt 0.615647 0.654652
vt 0.631249 0.654652
vt 0.775568 0.876982
vt 0.693657 0.869181
vt 0.693657 0.876982
vt 0.861380 0.869181
vt 0.830176 0.876982
vt 0.869181 0.873081
vt 0.888683 0.865280
vt 0.884783 0.857479
vt 0.229495 0.876982
vt 0.221694 0.849678
vt 0.053972 0.876982
vt 0.053972 0.849678
vt 0.280202 0.947191
vt 0.408919 0.939390
vt 0.408919 0.939390
vt 0.007166 0.541537
vt 0.405019 0.549338
vt 0.412820 0.533736
vt 0.299705 0.518134
vt 0.416720 0.514233
vt 0.299705 0.506432
vt 0.463527 0.561040
vt 0.471328 0.541537
vt 0.007166 0.518134
vt 0.194391 0.642951
vt 0.440124 0.642951
vt 0.225595 0.654652
vt 0.436223 0.654652
vt 0.131982 0.642951
vt 0.007166 0.642951
vt 0.053972 0.654652
vt 0.135883 0.654652
vt 0.155386 0.654652
vt 0.007166 0.654652
vt 0.046171 0.674155
vt 0.007166 0.674155
vt 0.170988 0.654652
vt 0.190490 0.654652
vt 0.459626 0.580542
vt 0.631249 0.654652
vt 0.646851 0.658553
vt 0.600045 0.658553
vt 0.615647 0.654652
vt 0.990097 0.997898
vt 0.970594 0.997898
vt 0.970594 0.787270
vt 0.997898 0.787270
vt 0.693657 0.869181
vt 0.775568 0.876982
vt 0.693657 0.876982
vt 0.861380 0.869181
vt 0.830176 0.876982
vt 0.869181 0.873081
vt 0.888683 0.865280
vt 0.884783 0.857479
vt 0.053972 0.876982
vt 0.221694 0.849678
vt 0.229495 0.876982
vt 0.053972 0.849678
vt 0.646851 0.982296
vt 0.646851 0.958893
vt 0.798971 0.982296
vt 0.798971 0.951092
vt 0.522034 0.947191
vt 0.518134 0.951092
vt 0.514233 0.954992
vt 0.615647 0.978395
vt 0.615647 0.997898
vt 0.600045 0.978395
vt 0.447925 0.997898
vt 0.459626 0.978395
vt 0.447925 0.978395
vt 0.639050 0.997898
vt 0.635150 0.978395
vt 0.295804 0.919888
vt 0.397218 0.923788
vt 0.288003 0.923788
vt 0.280202 0.947191
vt 0.408919 0.939390
vt 0.295804 0.919888
vt 0.288003 0.923788
vt 0.397218 0.923788
vt 0.280202 0.947191
vt 0.408919 0.939390
vt 0.440124 0.978395
vt 0.447925 0.997898
vt 0.412820 0.997898
vt 0.416720 0.978395
vt 0.408919 0.978395
vt 0.135883 0.997898
vt 0.139783 0.978395
vt 0.131982 0.978395
vt 0.131982 0.997898
vt 0.128082 0.997898
vt 0.124181 0.978395
vt 0.997898 0.787270
vt 0.970594 0.787270
vt 0.990097 0.997898
vt 0.970594 0.997898
vt 0.689757 0.873081
vt 0.670254 0.873081
vt 0.689757 0.869181
vt 0.666354 0.861380
vt 0.689757 0.873081
vt 0.689757 0.869181
vt 0.670254 0.873081
vt 0.666354 0.861380
vt 0.923788 0.541537
vt 0.935490 0.541537
vt 0.923788 0.818474
vt 0.935490 0.818474
vt 0.053972 0.876982
vt 0.327008 0.876982
vt 0.327008 0.904285
vt 0.053972 0.904285
vt 0.248998 0.857479
vt 0.237296 0.873081
vt 0.237296 0.857479
vt 0.260700 0.873081
vt 0.260700 0.857479
vt 0.366014 0.974495
vt 0.366014 0.962793
vt 0.642951 0.962793
vt 0.642951 0.974495
vt 0.748265 0.475228
vt 0.744364 0.475228
vt 0.744364 0.471328
vt 0.748265 0.471328
vt 0.748265 0.463527
vt 0.744364 0.463527
vt 0.748265 0.455726
vt 0.744364 0.455726
vt 0.744364 0.416720
vt 0.748265 0.416720
vt 0.748265 0.428422
vt 0.744364 0.428422
vt 0.756066 0.483029
vt 0.756066 0.479129
vt 0.763867 0.490830
vt 0.791170 0.479129
vt 0.767767 0.498631
vt 0.771668 0.502532
vt 0.763867 0.506432
vt 0.767767 0.510333
vt 0.756066 0.510333
vt 0.756066 0.514233
vt 0.791170 0.502532
vt 0.736563 0.455726
vt 0.736563 0.459626
vt 0.724862 0.455726
vt 0.728762 0.447925
vt 0.720961 0.444024
vt 0.724862 0.440124
vt 0.705359 0.444024
vt 0.705359 0.420621
vt 0.728762 0.432323
vt 0.740464 0.420621
vt 0.740464 0.428422
vt 0.748265 0.432323
vt 0.744364 0.432323
vt 0.744364 0.440124
vt 0.748265 0.440124
vt 0.748265 0.444024
vt 0.744364 0.444024
vt 0.744364 0.447925
vt 0.748265 0.447925
vt 0.748265 0.451825
vt 0.744364 0.451825
vt 0.798971 0.475228
vt 0.798971 0.467427
vt 0.806772 0.467427
vt 0.806772 0.475228
vt 0.810673 0.475228
vt 0.810673 0.467427
vt 0.818474 0.467427
vt 0.818474 0.475228
vt 0.826275 0.475228
vt 0.826275 0.467427
vt 0.830176 0.467427
vt 0.830176 0.475228
vt 0.837977 0.475228
vt 0.837977 0.467427
vt 0.795071 0.467427
vt 0.795071 0.475228
vt 0.787270 0.475228
vt 0.787270 0.467427
vt 0.728762 0.475228
vt 0.740464 0.475228
vt 0.732663 0.479129
vt 0.744364 0.471328
vt 0.724862 0.471328
vt 0.740464 0.463527
vt 0.728762 0.463527
vt 0.732663 0.463527
vt 0.744364 0.471328
vt 0.744364 0.475228
vt 0.748265 0.475228
vt 0.748265 0.471328
vt 0.748265 0.463527
vt 0.744364 0.463527
vt 0.748265 0.455726
vt 0.744364 0.455726
vt 0.744364 0.416720
vt 0.744364 0.428422
vt 0.748265 0.428422
vt 0.748265 0.416720
vt 0.756066 0.479129
vt 0.756066 0.483029
vt 0.763867 0.490830
vt 0.791170 0.479129
vt 0.767767 0.498631
vt 0.771668 0.502532
vt 0.763867 0.506432
vt 0.767767 0.510333
vt 0.756066 0.510333
vt 0.756066 0.514233
vt 0.791170 0.502532
vt 0.736563 0.455726
vt 0.728762 0.447925
vt 0.724862 0.455726
vt 0.736563 0.459626
vt 0.720961 0.444024
vt 0.724862 0.440124
vt 0.705359 0.444024
vt 0.705359 0.420621
vt 0.728762 0.432323
vt 0.740464 0.420621
vt 0.740464 0.428422
vt 0.744364 0.440124
vt 0.744364 0.432323
vt 0.748265 0.432323
vt 0.748265 0.440124
vt 0.748265 0.444024
vt 0.744364 0.444024
vt 0.744364 0.447925
vt 0.748265 0.447925
vt 0.748265 0.451825
vt 0.744364 0.451825
vt 0.798971 0.475228
vt 0.806772 0.475228
vt 0.806772 0.467427
vt 0.798971 0.467427
vt 0.810673 0.475228
vt 0.810673 0.467427
vt 0.818474 0.467427
vt 0.818474 0.475228
vt 0.826275 0.475228
vt 0.826275 0.467427
vt 0.830176 0.467427
vt 0.830176 0.475228
vt 0.837977 0.475228
vt 0.837977 0.467427
vt 0.795071 0.467427
vt 0.795071 0.475228
vt 0.787270 0.475228
vt 0.787270 0.467427
vt 0.740464 0.475228
vt 0.728762 0.475228
vt 0.732663 0.479129
vt 0.744364 0.471328
vt 0.724862 0.471328
vt 0.740464 0.463527
vt 0.728762 0.463527
vt 0.732663 0.463527
vt 0.787270 0.405019
vt 0.787270 0.436223
vt 0.752165 0.436223
vt 0.752165 0.405019
vt 0.795071 0.459626
vt 0.795071 0.424521
vt 0.834076 0.459626
vt 0.834076 0.424521
vt 0.752165 0.475228
vt 0.752165 0.444024
vt 0.783369 0.475228
vt 0.783369 0.444024
vt 0.795071 0.420621
vt 0.795071 0.385516
vt 0.830176 0.420621
vt 0.830176 0.385516
vt 0.752165 0.436223
vt 0.787270 0.436223
vt 0.787270 0.405019
vt 0.752165 0.405019
vt 0.795071 0.424521
vt 0.795071 0.459626
vt 0.834076 0.459626
vt 0.834076 0.424521
vt 0.752165 0.444024
vt 0.752165 0.475228
vt 0.783369 0.475228
vt 0.783369 0.444024
vt 0.795071 0.385516
vt 0.795071 0.420621
vt 0.830176 0.420621
vt 0.830176 0.385516
vt 0.681956 0.810673
vt 0.681956 0.802872
vt 0.720961 0.810673
vt 0.720961 0.802872
vt 0.756066 0.810673
vt 0.756066 0.802872
vt 0.720961 0.822375
vt 0.720961 0.830176
vt 0.681956 0.830176
vt 0.681956 0.822375
vt 0.701458 0.830176
vt 0.720961 0.861380
vt 0.681956 0.861380
vt 0.720961 0.822375
vt 0.720961 0.814574
vt 0.736563 0.814574
vt 0.736563 0.822375
vt 0.681956 0.814574
vt 0.681956 0.822375
vt 0.681956 0.822375
vt 0.681956 0.814574
vt 0.756066 0.841877
vt 0.713160 0.841877
vt 0.720961 0.830176
vt 0.756066 0.837977
vt 0.720961 0.810673
vt 0.681956 0.802872
vt 0.681956 0.810673
vt 0.720961 0.802872
vt 0.756066 0.802872
vt 0.756066 0.810673
vt 0.720961 0.830176
vt 0.681956 0.822375
vt 0.681956 0.830176
vt 0.720961 0.822375
vt 0.720961 0.861380
vt 0.701458 0.830176
vt 0.681956 0.861380
vt 0.720961 0.822375
vt 0.736563 0.822375
vt 0.736563 0.814574
vt 0.720961 0.814574
vt 0.681956 0.822375
vt 0.681956 0.814574
vt 0.681956 0.822375
vt 0.681956 0.814574
vt 0.720961 0.830176
vt 0.713160 0.841877
vt 0.756066 0.841877
vt 0.756066 0.837977
vt 0.576642 0.619547
vt 0.584443 0.600045
vt 0.568841 0.619547
vt 0.561040 0.635150
vt 0.580542 0.646851
vt 0.549338 0.639050
vt 0.564940 0.658553
vt 0.596144 0.658553
vt 0.576642 0.619547
vt 0.568841 0.619547
vt 0.584443 0.600045
vt 0.561040 0.635150
vt 0.580542 0.646851
vt 0.549338 0.639050
vt 0.564940 0.658553
vt 0.596144 0.658553
vt 0.670254 0.717061
vt 0.681956 0.717061
vt 0.681956 0.736563
vt 0.670254 0.736563
vt 0.681956 0.763867
vt 0.670254 0.763867
vt 0.670254 0.783369
vt 0.681956 0.783369
vt 0.951092 0.498631
vt 0.935490 0.510333
vt 0.935490 0.498631
vt 0.951092 0.510333
vt 0.947191 0.483029
vt 0.935490 0.483029
vt 0.947191 0.455726
vt 0.939390 0.455726
vt 0.670254 0.845778
vt 0.588343 0.857479
vt 0.681956 0.857479
vt 0.639050 0.837977
vt 0.666354 0.830176
vt 0.654652 0.818474
vt 0.681956 0.802872
vt 0.678055 0.798971
vt 0.732663 0.791170
vt 0.732663 0.798971
vt 0.756066 0.802872
vt 0.756066 0.802872
vt 0.775568 0.834076
vt 0.767767 0.834076
vt 0.791170 0.861380
vt 0.752165 0.857479
vt 0.966694 0.997898
vt 0.939390 0.997898
vt 0.939390 0.982296
vt 0.966694 0.982296
vt 0.966694 0.962793
vt 0.939390 0.962793
vt 0.939390 0.931589
vt 0.966694 0.931589
vt 0.939390 0.876982
vt 0.966694 0.876982
vt 0.966694 0.853579
vt 0.939390 0.853579
vt 0.966694 0.822375
vt 0.939390 0.822375
vt 0.966694 0.795071
vt 0.939390 0.795071
vt 0.588343 0.857479
vt 0.670254 0.845778
vt 0.681956 0.857479
vt 0.639050 0.837977
vt 0.666354 0.830176
vt 0.654652 0.818474
vt 0.681956 0.802872
vt 0.678055 0.798971
vt 0.732663 0.791170
vt 0.732663 0.798971
vt 0.756066 0.802872
vt 0.756066 0.802872
vt 0.775568 0.834076
vt 0.767767 0.834076
vt 0.791170 0.861380
vt 0.752165 0.857479
vt 0.412820 0.713160
vt 0.412820 0.658553
vt 0.440124 0.658553
vt 0.440124 0.713160
vt 0.412820 0.736563
vt 0.440124 0.736563
vt 0.412820 0.767767
vt 0.440124 0.767767
vt 0.412820 0.826275
vt 0.440124 0.826275
vt 0.412820 0.849678
vt 0.440124 0.849678
vt 0.412820 0.888683
vt 0.440124 0.888683
vt 0.440124 0.919888
vt 0.412820 0.919888
vt 0.007166 0.178789
vt 0.007166 0.159286
vt 0.943291 0.159286
vt 0.943291 0.178789
vt 0.007166 0.139783
vt 0.943291 0.139783
vt 0.007166 0.116380
vt 0.943291 0.116380
vt 0.007166 0.096878
vt 0.943291 0.096878
vt 0.007166 0.159286
vt 0.007166 0.178789
vt 0.943291 0.178789
vt 0.943291 0.159286
vt 0.007166 0.139783
vt 0.943291 0.139783
vt 0.007166 0.116380
vt 0.943291 0.116380
vt 0.943291 0.096878
vt 0.007166 0.096878
vt 0.003265 0.089077
vt 0.003265 0.069574
vt 0.260700 0.069574
vt 0.260700 0.089077
vt 0.003265 0.050071
vt 0.260700 0.050071
vt 0.260700 0.026668
vt 0.003265 0.026668
vt 0.003265 0.007166
vt 0.260700 0.007166
vt 0.986196 0.069574
vt 0.986196 0.089077
vt 0.986196 0.050071
vt 0.986196 0.026668
vt 0.986196 0.007166
vt 0.822375 0.806772
vt 0.775568 0.806772
vt 0.783369 0.791170
vt 0.814574 0.791170
vt 0.798971 0.783369
vt 0.003265 0.089077
vt 0.260700 0.089077
vt 0.260700 0.069574
vt 0.003265 0.069574
vt 0.003265 0.050071
vt 0.260700 0.050071
vt 0.260700 0.026668
vt 0.003265 0.026668
vt 0.003265 0.007166
vt 0.260700 0.007166
vt 0.986196 0.069574
vt 0.986196 0.089077
vt 0.986196 0.050071
vt 0.986196 0.026668
vt 0.986196 0.007166
vt 0.822375 0.806772
vt 0.814574 0.791170
vt 0.783369 0.791170
vt 0.775568 0.806772
vt 0.798971 0.783369
vt 0.783369 0.658553
vt 0.791170 0.666354
vt 0.783369 0.666354
vt 0.791170 0.658553
vt 0.775568 0.658553
vt 0.775568 0.666354
vt 0.771668 0.658553
vt 0.767767 0.666354
vt 0.783369 0.658553
vt 0.787270 0.654652
vt 0.775568 0.658553
vt 0.771668 0.654652
vt 0.783369 0.654652
vt 0.779469 0.654652
vt 0.775568 0.654652
vt 0.732663 0.740464
vt 0.736563 0.736563
vt 0.736563 0.744364
vt 0.748265 0.705359
vt 0.752165 0.713160
vt 0.748265 0.713160
vt 0.752165 0.705359
vt 0.744364 0.705359
vt 0.744364 0.713160
vt 0.857479 0.756066
vt 0.853579 0.756066
vt 0.853579 0.720961
vt 0.857479 0.720961
vt 0.849678 0.705359
vt 0.857479 0.705359
vt 0.775568 0.724862
vt 0.818474 0.720961
vt 0.810673 0.728762
vt 0.818474 0.705359
vt 0.771668 0.709259
vt 0.814574 0.787270
vt 0.810673 0.771668
vt 0.857479 0.787270
vt 0.861380 0.771668
vt 0.822375 0.795071
vt 0.767767 0.748265
vt 0.783369 0.752165
vt 0.783369 0.756066
vt 0.767767 0.752165
vt 0.795071 0.752165
vt 0.795071 0.752165
vt 0.763867 0.736563
vt 0.767767 0.744364
vt 0.756066 0.744364
vt 0.756066 0.740464
vt 0.744364 0.744364
vt 0.740464 0.736563
vt 0.678055 0.642951
vt 0.678055 0.635150
vt 0.689757 0.642951
vt 0.689757 0.635150
vt 0.701458 0.642951
vt 0.705359 0.635150
vt 0.717061 0.654652
vt 0.724862 0.654652
vt 0.717061 0.759966
vt 0.724862 0.759966
vt 0.822375 0.658553
vt 0.834076 0.658553
vt 0.822375 0.756066
vt 0.834076 0.756066
vt 0.845778 0.658553
vt 0.845778 0.756066
vt 0.732663 0.713160
vt 0.728762 0.697558
vt 0.732663 0.697558
vt 0.728762 0.713160
vt 0.740464 0.713160
vt 0.736563 0.697558
vt 0.740464 0.697558
vt 0.736563 0.713160
vt 0.748265 0.693657
vt 0.744364 0.678055
vt 0.756066 0.693657
vt 0.756066 0.670254
vt 0.748265 0.697558
vt 0.763867 0.697558
vt 0.763867 0.701458
vt 0.748265 0.705359
vt 0.713160 0.720961
vt 0.717061 0.740464
vt 0.709259 0.740464
vt 0.705359 0.717061
vt 0.709259 0.748265
vt 0.713160 0.748265
vt 0.713160 0.752165
vt 0.713160 0.756066
vt 0.798971 0.748265
vt 0.783369 0.748265
vt 0.783369 0.736563
vt 0.802872 0.732663
vt 0.779469 0.748265
vt 0.779469 0.728762
vt 0.771668 0.728762
vt 0.771668 0.748265
vt 0.845778 0.650752
vt 0.861380 0.666354
vt 0.865280 0.662453
vt 0.853579 0.681956
vt 0.861380 0.685856
vt 0.853579 0.689757
vt 0.857479 0.693657
vt 0.849678 0.697558
vt 0.857479 0.697558
vt 0.767767 0.736563
vt 0.740464 0.736563
vt 0.740464 0.724862
vt 0.771668 0.720961
vt 0.736563 0.736563
vt 0.736563 0.717061
vt 0.728762 0.736563
vt 0.728762 0.717061
vt 0.736563 0.670254
vt 0.732663 0.670254
vt 0.736563 0.658553
vt 0.728762 0.654652
vt 0.752165 0.658553
vt 0.752165 0.670254
vt 0.756066 0.670254
vt 0.756066 0.650752
vt 0.763867 0.670254
vt 0.763867 0.650752
vt 0.713160 0.713160
vt 0.709259 0.713160
vt 0.709259 0.662453
vt 0.713160 0.662453
vt 0.709259 0.603945
vt 0.724862 0.603945
vt 0.724862 0.654652
vt 0.709259 0.654652
vt 0.802872 0.646851
vt 0.818474 0.646851
vt 0.818474 0.701458
vt 0.802872 0.701458
vt 0.791170 0.666354
vt 0.783369 0.658553
vt 0.783369 0.666354
vt 0.791170 0.658553
vt 0.775568 0.658553
vt 0.775568 0.666354
vt 0.771668 0.658553
vt 0.767767 0.666354
vt 0.783369 0.658553
vt 0.787270 0.654652
vt 0.775568 0.658553
vt 0.771668 0.654652
vt 0.783369 0.654652
vt 0.779469 0.654652
vt 0.775568 0.654652
vt 0.736563 0.736563
vt 0.732663 0.740464
vt 0.736563 0.744364
vt 0.748265 0.713160
vt 0.752165 0.713160
vt 0.748265 0.705359
vt 0.752165 0.705359
vt 0.744364 0.705359
vt 0.744364 0.713160
vt 0.853579 0.720961
vt 0.853579 0.756066
vt 0.857479 0.756066
vt 0.857479 0.720961
vt 0.849678 0.705359
vt 0.857479 0.705359
vt 0.818474 0.720961
vt 0.775568 0.724862
vt 0.810673 0.728762
vt 0.818474 0.705359
vt 0.771668 0.709259
vt 0.810673 0.771668
vt 0.857479 0.787270
vt 0.861380 0.771668
vt 0.814574 0.787270
vt 0.822375 0.795071
vt 0.767767 0.748265
vt 0.783369 0.756066
vt 0.783369 0.752165
vt 0.767767 0.752165
vt 0.795071 0.752165
vt 0.795071 0.752165
vt 0.763867 0.736563
vt 0.756066 0.740464
vt 0.756066 0.744364
vt 0.767767 0.744364
vt 0.744364 0.744364
vt 0.740464 0.736563
vt 0.678055 0.635150
vt 0.678055 0.642951
vt 0.689757 0.642951
vt 0.689757 0.635150
vt 0.701458 0.642951
vt 0.705359 0.635150
vt 0.724862 0.654652
vt 0.717061 0.654652
vt 0.717061 0.759966
vt 0.724862 0.759966
vt 0.822375 0.756066
vt 0.834076 0.756066
vt 0.834076 0.658553
vt 0.822375 0.658553
vt 0.845778 0.658553
vt 0.845778 0.756066
vt 0.728762 0.713160
vt 0.732663 0.713160
vt 0.728762 0.697558
vt 0.732663 0.697558
vt 0.736563 0.713160
vt 0.740464 0.713160
vt 0.736563 0.697558
vt 0.740464 0.697558
vt 0.744364 0.678055
vt 0.748265 0.693657
vt 0.756066 0.693657
vt 0.756066 0.670254
vt 0.748265 0.697558
vt 0.763867 0.697558
vt 0.763867 0.701458
vt 0.748265 0.705359
vt 0.709259 0.740464
vt 0.717061 0.740464
vt 0.713160 0.720961
vt 0.705359 0.717061
vt 0.709259 0.748265
vt 0.713160 0.748265
vt 0.713160 0.752165
vt 0.713160 0.756066
vt 0.783369 0.736563
vt 0.783369 0.748265
vt 0.798971 0.748265
vt 0.802872 0.732663
vt 0.779469 0.748265
vt 0.779469 0.728762
vt 0.771668 0.728762
vt 0.771668 0.748265
vt 0.861380 0.666354
vt 0.845778 0.650752
vt 0.865280 0.662453
vt 0.853579 0.681956
vt 0.861380 0.685856
vt 0.853579 0.689757
vt 0.857479 0.693657
vt 0.849678 0.697558
vt 0.857479 0.697558
vt 0.740464 0.724862
vt 0.740464 0.736563
vt 0.767767 0.736563
vt 0.771668 0.720961
vt 0.736563 0.736563
vt 0.736563 0.717061
vt 0.728762 0.736563
vt 0.728762 0.717061
vt 0.732663 0.670254
vt 0.736563 0.670254
vt 0.736563 0.658553
vt 0.728762 0.654652
vt 0.752165 0.658553
vt 0.752165 0.670254
vt 0.756066 0.670254
vt 0.756066 0.650752
vt 0.763867 0.670254
vt 0.763867 0.650752
vt 0.713160 0.713160
vt 0.713160 0.662453
vt 0.709259 0.662453
vt 0.709259 0.713160
vt 0.724862 0.654652
vt 0.724862 0.603945
vt 0.709259 0.603945
vt 0.709259 0.654652
vt 0.802872 0.646851
vt 0.802872 0.701458
vt 0.818474 0.701458
vt 0.818474 0.646851
vt 0.798971 0.685856
vt 0.791170 0.670254
vt 0.798971 0.670254
vt 0.791170 0.685856
vt 0.756066 0.717061
vt 0.756066 0.705359
vt 0.763867 0.717061
vt 0.763867 0.705359
vt 0.767767 0.701458
vt 0.767767 0.689757
vt 0.787270 0.701458
vt 0.787270 0.689757
vt 0.787270 0.701458
vt 0.787270 0.689757
vt 0.795071 0.701458
vt 0.795071 0.689757
vt 0.787270 0.674155
vt 0.787270 0.685856
vt 0.767767 0.685856
vt 0.767767 0.674155
vt 0.802872 0.943291
vt 0.771668 0.943291
vt 0.771668 0.900385
vt 0.802872 0.892584
vt 0.744364 0.908186
vt 0.744364 0.943291
vt 0.744364 0.908186
vt 0.744364 0.943291
vt 0.717061 0.943291
vt 0.717061 0.900385
vt 0.685856 0.943291
vt 0.685856 0.892584
vt 0.615647 0.931589
vt 0.615647 0.876982
vt 0.642951 0.865280
vt 0.642951 0.943291
vt 0.603945 0.904285
vt 0.674155 0.931589
vt 0.646851 0.943291
vt 0.646851 0.865280
vt 0.674155 0.876982
vt 0.685856 0.904285
vt 0.771668 0.900385
vt 0.802872 0.943291
vt 0.802872 0.892584
vt 0.771668 0.943291
vt 0.744364 0.908186
vt 0.744364 0.943291
vt 0.717061 0.943291
vt 0.744364 0.943291
vt 0.744364 0.908186
vt 0.717061 0.900385
vt 0.685856 0.943291
vt 0.685856 0.892584
vt 0.615647 0.931589
vt 0.642951 0.943291
vt 0.642951 0.865280
vt 0.615647 0.876982
vt 0.603945 0.904285
vt 0.646851 0.943291
vt 0.674155 0.931589
vt 0.646851 0.865280
vt 0.674155 0.876982
vt 0.685856 0.904285
vt 0.366014 0.463527
vt 0.381616 0.486930
vt 0.366014 0.486930
vt 0.381616 0.463527
vt 0.635150 0.678055
vt 0.615647 0.701458
vt 0.611746 0.685856
vt 0.631249 0.701458
vt 0.338710 0.486930
vt 0.338710 0.463527
vt 0.358213 0.486930
vt 0.358213 0.463527
vt 0.658553 0.685856
vt 0.642951 0.685856
vt 0.639050 0.662453
vt 0.666354 0.670254
vt 0.389417 0.463527
vt 0.405019 0.463527
vt 0.389417 0.486930
vt 0.405019 0.486930
vt 0.432323 0.463527
vt 0.432323 0.486930
vt 0.366014 0.463527
vt 0.381616 0.486930
vt 0.366014 0.486930
vt 0.381616 0.463527
vt 0.635150 0.678055
vt 0.615647 0.701458
vt 0.611746 0.685856
vt 0.631249 0.701458
vt 0.338710 0.486930
vt 0.338710 0.463527
vt 0.362113 0.486930
vt 0.362113 0.463527
vt 0.658553 0.685856
vt 0.642951 0.685856
vt 0.639050 0.662453
vt 0.666354 0.670254
vt 0.389417 0.463527
vt 0.405019 0.463527
vt 0.389417 0.483029
vt 0.405019 0.483029
vt 0.432323 0.463527
vt 0.432323 0.483029
vt 0.366014 0.463527
vt 0.381616 0.486930
vt 0.366014 0.486930
vt 0.381616 0.463527
vt 0.635150 0.678055
vt 0.615647 0.701458
vt 0.611746 0.685856
vt 0.631249 0.701458
vt 0.338710 0.486930
vt 0.338710 0.463527
vt 0.362113 0.486930
vt 0.362113 0.463527
vt 0.658553 0.685856
vt 0.642951 0.685856
vt 0.639050 0.662453
vt 0.666354 0.670254
vt 0.389417 0.463527
vt 0.405019 0.463527
vt 0.389417 0.483029
vt 0.405019 0.483029
vt 0.432323 0.483029
vt 0.432323 0.463527
vt 0.366014 0.463527
vt 0.381616 0.486930
vt 0.366014 0.486930
vt 0.381616 0.463527
vt 0.635150 0.678055
vt 0.615647 0.701458
vt 0.611746 0.685856
vt 0.631249 0.701458
vt 0.338710 0.486930
vt 0.338710 0.463527
vt 0.362113 0.486930
vt 0.362113 0.463527
vt 0.658553 0.685856
vt 0.642951 0.685856
vt 0.639050 0.662453
vt 0.666354 0.670254
vt 0.389417 0.463527
vt 0.405019 0.463527
vt 0.389417 0.483029
vt 0.405019 0.483029
vt 0.432323 0.483029
vt 0.432323 0.463527
vt 0.366014 0.463527
vt 0.381616 0.486930
vt 0.366014 0.486930
vt 0.381616 0.463527
vt 0.635150 0.678055
vt 0.615647 0.701458
vt 0.611746 0.685856
vt 0.631249 0.701458
vt 0.338710 0.486930
vt 0.338710 0.463527
vt 0.362113 0.486930
vt 0.362113 0.463527
vt 0.658553 0.685856
vt 0.642951 0.685856
vt 0.639050 0.662453
vt 0.666354 0.670254
vt 0.389417 0.463527
vt 0.405019 0.463527
vt 0.389417 0.483029
vt 0.405019 0.483029
vt 0.432323 0.483029
vt 0.432323 0.463527
vt 0.381616 0.463527
vt 0.381616 0.486930
vt 0.366014 0.486930
vt 0.366014 0.463527
vt 0.635150 0.678055
vt 0.615647 0.701458
vt 0.611746 0.685856
vt 0.631249 0.701458
vt 0.338710 0.486930
vt 0.338710 0.463527
vt 0.362113 0.486930
vt 0.362113 0.463527
vt 0.658553 0.685856
vt 0.642951 0.685856
vt 0.639050 0.662453
vt 0.666354 0.670254
vt 0.389417 0.463527
vt 0.405019 0.463527
vt 0.389417 0.483029
vt 0.405019 0.483029
vt 0.432323 0.483029
vt 0.432323 0.463527
vt 0.366014 0.463527
vt 0.381616 0.486930
vt 0.366014 0.486930
vt 0.381616 0.463527
vt 0.635150 0.678055
vt 0.615647 0.701458
vt 0.611746 0.685856
vt 0.631249 0.701458
vt 0.338710 0.486930
vt 0.338710 0.463527
vt 0.362113 0.486930
vt 0.362113 0.463527
vt 0.658553 0.685856
vt 0.642951 0.685856
vt 0.639050 0.662453
vt 0.666354 0.670254
vt 0.389417 0.463527
vt 0.405019 0.463527
vt 0.389417 0.483029
vt 0.405019 0.483029
vt 0.432323 0.483029
vt 0.432323 0.463527
vt 0.366014 0.463527
vt 0.381616 0.486930
vt 0.366014 0.486930
vt 0.381616 0.463527
vt 0.635150 0.678055
vt 0.615647 0.701458
vt 0.611746 0.685856
vt 0.631249 0.701458
vt 0.338710 0.486930
vt 0.338710 0.463527
vt 0.362113 0.486930
vt 0.362113 0.463527
vt 0.658553 0.685856
vt 0.642951 0.685856
vt 0.639050 0.662453
vt 0.666354 0.670254
vt 0.389417 0.463527
vt 0.405019 0.463527
vt 0.389417 0.483029
vt 0.405019 0.483029
vt 0.432323 0.483029
vt 0.432323 0.463527
vt 0.366014 0.463527
vt 0.381616 0.486930
vt 0.366014 0.486930
vt 0.381616 0.463527
vt 0.635150 0.678055
vt 0.615647 0.701458
vt 0.611746 0.685856
vt 0.631249 0.701458
vt 0.338710 0.486930
vt 0.338710 0.463527
vt 0.362113 0.486930
vt 0.362113 0.463527
vt 0.658553 0.685856
vt 0.642951 0.685856
vt 0.639050 0.662453
vt 0.666354 0.670254
vt 0.389417 0.463527
vt 0.405019 0.463527
vt 0.389417 0.483029
vt 0.405019 0.483029
vt 0.432323 0.483029
vt 0.432323 0.463527
vt 0.366014 0.463527
vt 0.381616 0.486930
vt 0.366014 0.486930
vt 0.381616 0.463527
vt 0.635150 0.678055
vt 0.615647 0.701458
vt 0.611746 0.685856
vt 0.631249 0.701458
vt 0.362113 0.463527
vt 0.362113 0.486930
vt 0.338710 0.486930
vt 0.338710 0.463527
vt 0.658553 0.685856
vt 0.642951 0.685856
vt 0.639050 0.662453
vt 0.666354 0.670254
vt 0.405019 0.483029
vt 0.389417 0.483029
vt 0.389417 0.463527
vt 0.405019 0.463527
vt 0.432323 0.463527
vt 0.432323 0.483029
vt 0.381616 0.463527
vt 0.381616 0.486930
vt 0.366014 0.486930
vt 0.366014 0.463527
vt 0.635150 0.678055
vt 0.615647 0.701458
vt 0.611746 0.685856
vt 0.631249 0.701458
vt 0.338710 0.486930
vt 0.338710 0.463527
vt 0.362113 0.486930
vt 0.362113 0.463527
vt 0.658553 0.685856
vt 0.642951 0.685856
vt 0.639050 0.662453
vt 0.666354 0.670254
vt 0.389417 0.463527
vt 0.405019 0.463527
vt 0.389417 0.483029
vt 0.405019 0.483029
vt 0.432323 0.483029
vt 0.432323 0.463527
vt 0.381616 0.463527
vt 0.381616 0.486930
vt 0.366014 0.486930
vt 0.366014 0.463527
vt 0.635150 0.678055
vt 0.615647 0.701458
vt 0.611746 0.685856
vt 0.631249 0.701458
vt 0.338710 0.486930
vt 0.338710 0.463527
vt 0.362113 0.486930
vt 0.362113 0.463527
vt 0.658553 0.685856
vt 0.642951 0.685856
vt 0.639050 0.662453
vt 0.666354 0.670254
vt 0.389417 0.463527
vt 0.405019 0.463527
vt 0.389417 0.483029
vt 0.405019 0.483029
vt 0.432323 0.483029
vt 0.432323 0.463527
vt 0.381616 0.463527
vt 0.381616 0.486930
vt 0.366014 0.486930
vt 0.366014 0.463527
vt 0.635150 0.678055
vt 0.615647 0.701458
vt 0.611746 0.685856
vt 0.631249 0.701458
vt 0.338710 0.486930
vt 0.338710 0.463527
vt 0.362113 0.486930
vt 0.362113 0.463527
vt 0.658553 0.685856
vt 0.642951 0.685856
vt 0.639050 0.662453
vt 0.666354 0.670254
vt 0.389417 0.463527
vt 0.405019 0.463527
vt 0.389417 0.483029
vt 0.405019 0.483029
vt 0.432323 0.483029
vt 0.432323 0.463527
vt 0.381616 0.463527
vt 0.381616 0.486930
vt 0.366014 0.486930
vt 0.366014 0.463527
vt 0.635150 0.678055
vt 0.615647 0.701458
vt 0.611746 0.685856
vt 0.631249 0.701458
vt 0.338710 0.486930
vt 0.338710 0.463527
vt 0.362113 0.486930
vt 0.362113 0.463527
vt 0.658553 0.685856
vt 0.642951 0.685856
vt 0.639050 0.662453
vt 0.666354 0.670254
vt 0.389417 0.463527
vt 0.405019 0.463527
vt 0.389417 0.483029
vt 0.405019 0.483029
vt 0.432323 0.483029
vt 0.432323 0.463527
vt 0.381616 0.463527
vt 0.366014 0.463527
vt 0.381616 0.486930
vt 0.366014 0.486930
vt 0.615647 0.701458
vt 0.635150 0.678055
vt 0.611746 0.685856
vt 0.631249 0.701458
vt 0.338710 0.463527
vt 0.338710 0.486930
vt 0.358213 0.486930
vt 0.358213 0.463527
vt 0.658553 0.685856
vt 0.639050 0.662453
vt 0.642951 0.685856
vt 0.666354 0.670254
vt 0.405019 0.463527
vt 0.389417 0.463527
vt 0.389417 0.486930
vt 0.405019 0.486930
vt 0.432323 0.463527
vt 0.432323 0.486930
vt 0.366014 0.486930
vt 0.381616 0.486930
vt 0.381616 0.463527
vt 0.366014 0.463527
vt 0.615647 0.701458
vt 0.635150 0.678055
vt 0.611746 0.685856
vt 0.631249 0.701458
vt 0.338710 0.463527
vt 0.338710 0.486930
vt 0.362113 0.486930
vt 0.362113 0.463527
vt 0.658553 0.685856
vt 0.639050 0.662453
vt 0.642951 0.685856
vt 0.666354 0.670254
vt 0.405019 0.463527
vt 0.389417 0.463527
vt 0.389417 0.483029
vt 0.405019 0.483029
vt 0.432323 0.483029
vt 0.432323 0.463527
vt 0.366014 0.486930
vt 0.381616 0.486930
vt 0.381616 0.463527
vt 0.366014 0.463527
vt 0.615647 0.701458
vt 0.635150 0.678055
vt 0.611746 0.685856
vt 0.631249 0.701458
vt 0.338710 0.463527
vt 0.338710 0.486930
vt 0.362113 0.486930
vt 0.362113 0.463527
vt 0.658553 0.685856
vt 0.639050 0.662453
vt 0.642951 0.685856
vt 0.666354 0.670254
vt 0.405019 0.463527
vt 0.389417 0.463527
vt 0.389417 0.483029
vt 0.405019 0.483029
vt 0.432323 0.483029
vt 0.432323 0.463527
vt 0.366014 0.486930
vt 0.381616 0.486930
vt 0.381616 0.463527
vt 0.366014 0.463527
vt 0.615647 0.701458
vt 0.635150 0.678055
vt 0.611746 0.685856
vt 0.631249 0.701458
vt 0.338710 0.463527
vt 0.338710 0.486930
vt 0.362113 0.486930
vt 0.362113 0.463527
vt 0.658553 0.685856
vt 0.639050 0.662453
vt 0.642951 0.685856
vt 0.666354 0.670254
vt 0.405019 0.463527
vt 0.389417 0.463527
vt 0.389417 0.483029
vt 0.405019 0.483029
vt 0.432323 0.483029
vt 0.432323 0.463527
vt 0.381616 0.463527
vt 0.366014 0.463527
vt 0.381616 0.486930
vt 0.366014 0.486930
vt 0.615647 0.701458
vt 0.635150 0.678055
vt 0.611746 0.685856
vt 0.631249 0.701458
vt 0.338710 0.463527
vt 0.338710 0.486930
vt 0.362113 0.486930
vt 0.362113 0.463527
vt 0.658553 0.685856
vt 0.639050 0.662453
vt 0.642951 0.685856
vt 0.666354 0.670254
vt 0.405019 0.463527
vt 0.389417 0.463527
vt 0.389417 0.483029
vt 0.405019 0.483029
vt 0.432323 0.463527
vt 0.432323 0.483029
vt 0.366014 0.486930
vt 0.381616 0.486930
vt 0.381616 0.463527
vt 0.366014 0.463527
vt 0.615647 0.701458
vt 0.635150 0.678055
vt 0.611746 0.685856
vt 0.631249 0.701458
vt 0.338710 0.463527
vt 0.338710 0.486930
vt 0.362113 0.486930
vt 0.362113 0.463527
vt 0.658553 0.685856
vt 0.639050 0.662453
vt 0.642951 0.685856
vt 0.666354 0.670254
vt 0.405019 0.463527
vt 0.389417 0.463527
vt 0.389417 0.483029
vt 0.405019 0.483029
vt 0.432323 0.483029
vt 0.432323 0.463527
vt 0.366014 0.486930
vt 0.381616 0.486930
vt 0.381616 0.463527
vt 0.366014 0.463527
vt 0.615647 0.701458
vt 0.635150 0.678055
vt 0.611746 0.685856
vt 0.631249 0.701458
vt 0.338710 0.463527
vt 0.338710 0.486930
vt 0.362113 0.486930
vt 0.362113 0.463527
vt 0.658553 0.685856
vt 0.639050 0.662453
vt 0.642951 0.685856
vt 0.666354 0.670254
vt 0.405019 0.463527
vt 0.389417 0.463527
vt 0.389417 0.483029
vt 0.405019 0.483029
vt 0.432323 0.483029
vt 0.432323 0.463527
vt 0.381616 0.463527
vt 0.366014 0.463527
vt 0.381616 0.486930
vt 0.366014 0.486930
vt 0.615647 0.701458
vt 0.635150 0.678055
vt 0.611746 0.685856
vt 0.631249 0.701458
vt 0.338710 0.463527
vt 0.338710 0.486930
vt 0.362113 0.486930
vt 0.362113 0.463527
vt 0.658553 0.685856
vt 0.639050 0.662453
vt 0.642951 0.685856
vt 0.666354 0.670254
vt 0.405019 0.463527
vt 0.389417 0.463527
vt 0.389417 0.483029
vt 0.405019 0.483029
vt 0.432323 0.483029
vt 0.432323 0.463527
vt 0.366014 0.486930
vt 0.381616 0.486930
vt 0.381616 0.463527
vt 0.366014 0.463527
vt 0.615647 0.701458
vt 0.635150 0.678055
vt 0.611746 0.685856
vt 0.631249 0.701458
vt 0.338710 0.463527
vt 0.338710 0.486930
vt 0.362113 0.486930
vt 0.362113 0.463527
vt 0.658553 0.685856
vt 0.639050 0.662453
vt 0.642951 0.685856
vt 0.666354 0.670254
vt 0.405019 0.463527
vt 0.389417 0.463527
vt 0.389417 0.483029
vt 0.405019 0.483029
vt 0.432323 0.483029
vt 0.432323 0.463527
vt 0.366014 0.486930
vt 0.381616 0.486930
vt 0.381616 0.463527
vt 0.366014 0.463527
vt 0.615647 0.701458
vt 0.635150 0.678055
vt 0.611746 0.685856
vt 0.631249 0.701458
vt 0.338710 0.463527
vt 0.338710 0.486930
vt 0.362113 0.486930
vt 0.362113 0.463527
vt 0.658553 0.685856
vt 0.639050 0.662453
vt 0.642951 0.685856
vt 0.666354 0.670254
vt 0.405019 0.463527
vt 0.389417 0.463527
vt 0.389417 0.483029
vt 0.405019 0.483029
vt 0.432323 0.483029
vt 0.432323 0.463527
vt 0.366014 0.486930
vt 0.381616 0.486930
vt 0.381616 0.463527
vt 0.366014 0.463527
vt 0.615647 0.701458
vt 0.635150 0.678055
vt 0.611746 0.685856
vt 0.631249 0.701458
vt 0.338710 0.463527
vt 0.338710 0.486930
vt 0.362113 0.486930
vt 0.362113 0.463527
vt 0.658553 0.685856
vt 0.639050 0.662453
vt 0.642951 0.685856
vt 0.666354 0.670254
vt 0.405019 0.463527
vt 0.389417 0.463527
vt 0.389417 0.483029
vt 0.405019 0.483029
vt 0.432323 0.483029
vt 0.432323 0.463527
vt 0.366014 0.486930
vt 0.381616 0.486930
vt 0.381616 0.463527
vt 0.366014 0.463527
vt 0.615647 0.701458
vt 0.635150 0.678055
vt 0.611746 0.685856
vt 0.631249 0.701458
vt 0.338710 0.463527
vt 0.338710 0.486930
vt 0.362113 0.486930
vt 0.362113 0.463527
vt 0.658553 0.685856
vt 0.639050 0.662453
vt 0.642951 0.685856
vt 0.666354 0.670254
vt 0.405019 0.463527
vt 0.389417 0.463527
vt 0.389417 0.483029
vt 0.405019 0.483029
vt 0.432323 0.483029
vt 0.432323 0.463527
vt 0.366014 0.486930
vt 0.381616 0.486930
vt 0.381616 0.463527
vt 0.366014 0.463527
vt 0.615647 0.701458
vt 0.635150 0.678055
vt 0.611746 0.685856
vt 0.631249 0.701458
vt 0.338710 0.463527
vt 0.338710 0.486930
vt 0.362113 0.486930
vt 0.362113 0.463527
vt 0.658553 0.685856
vt 0.639050 0.662453
vt 0.642951 0.685856
vt 0.666354 0.670254
vt 0.405019 0.463527
vt 0.389417 0.463527
vt 0.389417 0.483029
vt 0.405019 0.483029
vt 0.432323 0.483029
vt 0.432323 0.463527
vt 0.366014 0.486930
vt 0.381616 0.486930
vt 0.381616 0.463527
vt 0.366014 0.463527
vt 0.615647 0.701458
vt 0.635150 0.678055
vt 0.611746 0.685856
vt 0.631249 0.701458
vt 0.338710 0.463527
vt 0.338710 0.486930
vt 0.362113 0.486930
vt 0.362113 0.463527
vt 0.658553 0.685856
vt 0.639050 0.662453
vt 0.642951 0.685856
vt 0.666354 0.670254
vt 0.405019 0.463527
vt 0.389417 0.463527
vt 0.389417 0.483029
vt 0.405019 0.483029
vt 0.405019 0.483029
vt 0.432323 0.483029
vt 0.405019 0.463527
vt 0.432323 0.463527
vt 0.405019 0.720961
vt 0.057873 0.720961
vt 0.057873 0.705359
vt 0.405019 0.705359
vt 0.405019 0.689757
vt 0.057873 0.689757
vt 0.405019 0.674155
vt 0.057873 0.674155
vt 0.057873 0.658553
vt 0.405019 0.658553
vt 0.057873 0.705359
vt 0.057873 0.720961
vt 0.405019 0.720961
vt 0.405019 0.705359
vt 0.405019 0.689757
vt 0.057873 0.689757
vt 0.405019 0.674155
vt 0.057873 0.674155
vt 0.057873 0.658553
vt 0.405019 0.658553
vt 0.919888 0.834076
vt 0.923788 0.826275
vt 0.935490 0.834076
vt 0.919888 0.853579
vt 0.919888 0.970594
vt 0.935490 0.997898
vt 0.912087 0.997898
vt 0.912087 0.974495
vt 0.912087 0.849678
vt 0.912087 0.837977
vt 0.919888 0.834076
vt 0.935490 0.834076
vt 0.923788 0.826275
vt 0.919888 0.853579
vt 0.919888 0.970594
vt 0.935490 0.997898
vt 0.912087 0.997898
vt 0.912087 0.974495
vt 0.912087 0.849678
vt 0.912087 0.837977
vt 0.939390 0.756066
vt 0.943291 0.756066
vt 0.939390 0.771668
vt 0.943291 0.771668
vt 0.943291 0.779469
vt 0.939390 0.779469
vt 0.943291 0.791170
vt 0.939390 0.791170
vt 0.939390 0.592244
vt 0.943291 0.592244
vt 0.943291 0.568841
vt 0.939390 0.568841
vt 0.896484 0.549338
vt 0.892584 0.549338
vt 0.892584 0.436223
vt 0.896484 0.436223
vt 0.896484 0.561040
vt 0.892584 0.561040
vt 0.892584 0.428422
vt 0.896484 0.428422
vt 0.919888 0.834076
vt 0.912087 0.849678
vt 0.919888 0.853579
vt 0.935490 0.834076
vt 0.919888 0.970594
vt 0.935490 0.997898
vt 0.912087 0.997898
vt 0.912087 0.974495
vt 0.912087 0.837977
vt 0.923788 0.826275
vt 0.919888 0.834076
vt 0.923788 0.826275
vt 0.935490 0.834076
vt 0.919888 0.853579
vt 0.919888 0.970594
vt 0.935490 0.997898
vt 0.912087 0.997898
vt 0.912087 0.974495
vt 0.912087 0.849678
vt 0.912087 0.837977
vt 0.943291 0.756066
vt 0.939390 0.756066
vt 0.939390 0.771668
vt 0.943291 0.771668
vt 0.943291 0.779469
vt 0.939390 0.779469
vt 0.943291 0.791170
vt 0.939390 0.791170
vt 0.939390 0.592244
vt 0.943291 0.592244
vt 0.943291 0.568841
vt 0.939390 0.568841
vt 0.892584 0.436223
vt 0.892584 0.549338
vt 0.896484 0.549338
vt 0.896484 0.436223
vt 0.896484 0.561040
vt 0.892584 0.561040
vt 0.892584 0.428422
vt 0.896484 0.428422
vt 0.444024 0.915987
vt 0.486930 0.915987
vt 0.486930 0.943291
vt 0.444024 0.943291
vt 0.444024 0.888683
vt 0.486930 0.888683
vt 0.486930 0.857479
vt 0.444024 0.857479
vt 0.444024 0.958893
vt 0.486930 0.958893
vt 0.986196 0.592244
vt 0.970594 0.592244
vt 0.958893 0.533736
vt 0.986196 0.522034
vt 0.970594 0.600045
vt 0.951092 0.561040
vt 0.958893 0.584443
vt 0.865280 0.588343
vt 0.876982 0.650752
vt 0.888683 0.650752
vt 0.888683 0.580542
vt 0.876982 0.654652
vt 0.853579 0.615647
vt 0.865280 0.642951
vt 0.962793 0.674155
vt 0.958893 0.674155
vt 0.958893 0.631249
vt 0.962793 0.631249
vt 0.947191 0.689757
vt 0.947191 0.596144
vt 0.951092 0.596144
vt 0.954992 0.689757
vt 0.873081 0.490830
vt 0.873081 0.498631
vt 0.857479 0.494731
vt 0.857479 0.490830
vt 0.857479 0.455726
vt 0.873081 0.459626
vt 0.939390 0.541537
vt 0.939390 0.537637
vt 0.954992 0.537637
vt 0.954992 0.533736
vt 0.939390 0.522034
vt 0.954992 0.522034
vt 0.444024 0.915987
vt 0.444024 0.943291
vt 0.486930 0.943291
vt 0.486930 0.915987
vt 0.444024 0.888683
vt 0.486930 0.888683
vt 0.486930 0.857479
vt 0.444024 0.857479
vt 0.444024 0.958893
vt 0.486930 0.958893
vt 0.970594 0.592244
vt 0.986196 0.592244
vt 0.958893 0.533736
vt 0.986196 0.522034
vt 0.970594 0.600045
vt 0.951092 0.561040
vt 0.958893 0.584443
vt 0.865280 0.588343
vt 0.888683 0.580542
vt 0.888683 0.650752
vt 0.876982 0.650752
vt 0.876982 0.654652
vt 0.853579 0.615647
vt 0.865280 0.642951
vt 0.962793 0.674155
vt 0.962793 0.631249
vt 0.958893 0.631249
vt 0.958893 0.674155
vt 0.947191 0.689757
vt 0.947191 0.596144
vt 0.951092 0.596144
vt 0.954992 0.689757
vt 0.873081 0.490830
vt 0.857479 0.490830
vt 0.857479 0.494731
vt 0.873081 0.498631
vt 0.857479 0.455726
vt 0.873081 0.459626
vt 0.939390 0.537637
vt 0.939390 0.541537
vt 0.954992 0.537637
vt 0.954992 0.533736
vt 0.939390 0.522034
vt 0.954992 0.522034
vt 0.701458 0.502532
vt 0.720961 0.502532
vt 0.720961 0.451825
vt 0.697558 0.451825
vt 0.697558 0.502532
vt 0.756066 0.537637
vt 0.720961 0.537637
vt 0.720961 0.561040
vt 0.756066 0.561040
vt 0.748265 0.510333
vt 0.752165 0.510333
vt 0.752165 0.483029
vt 0.728762 0.483029
vt 0.728762 0.510333
vt 0.603945 0.549338
vt 0.623448 0.557139
vt 0.623448 0.580542
vt 0.584443 0.572741
vt 0.615647 0.537637
vt 0.627349 0.557139
vt 0.631249 0.553239
vt 0.635150 0.533736
vt 0.646851 0.537637
vt 0.639050 0.557139
vt 0.642951 0.557139
vt 0.666354 0.553239
vt 0.642951 0.580542
vt 0.693657 0.564940
vt 0.580542 0.600045
vt 0.627349 0.584443
vt 0.639050 0.584443
vt 0.752165 0.600045
vt 0.631249 0.584443
vt 0.744364 0.564940
vt 0.849678 0.510333
vt 0.853579 0.510333
vt 0.849678 0.479129
vt 0.853579 0.479129
vt 0.853579 0.455726
vt 0.849678 0.455726
vt 0.849678 0.440124
vt 0.853579 0.440124
vt 0.849678 0.424521
vt 0.853579 0.424521
vt 0.849678 0.405019
vt 0.853579 0.405019
vt 0.849678 0.373815
vt 0.853579 0.373815
vt 0.654652 0.537637
vt 0.678055 0.529836
vt 0.678055 0.510333
vt 0.623448 0.525935
vt 0.674155 0.553239
vt 0.681956 0.533736
vt 0.685856 0.537637
vt 0.685856 0.557139
vt 0.701458 0.553239
vt 0.689757 0.533736
vt 0.693657 0.529836
vt 0.717061 0.541537
vt 0.693657 0.510333
vt 0.732663 0.518134
vt 0.841877 0.389417
vt 0.837977 0.408919
vt 0.841877 0.408919
vt 0.837977 0.389417
vt 0.837977 0.416720
vt 0.841877 0.416720
vt 0.837977 0.385516
vt 0.841877 0.385516
vt 0.837977 0.420621
vt 0.841877 0.420621
vt 0.837977 0.428422
vt 0.841877 0.428422
vt 0.841877 0.432323
vt 0.837977 0.432323
vt 0.841877 0.451825
vt 0.837977 0.451825
vt 0.837977 0.459626
vt 0.841877 0.459626
vt 0.837977 0.463527
vt 0.841877 0.463527
vt 0.837977 0.377715
vt 0.841877 0.377715
vt 0.592244 0.603945
vt 0.592244 0.623448
vt 0.631249 0.623448
vt 0.631249 0.603945
vt 0.635150 0.603945
vt 0.635150 0.623448
vt 0.642951 0.603945
vt 0.642951 0.623448
vt 0.646851 0.623448
vt 0.646851 0.603945
vt 0.650752 0.623448
vt 0.650752 0.603945
vt 0.705359 0.623448
vt 0.705359 0.603945
vt 0.701458 0.502532
vt 0.697558 0.451825
vt 0.720961 0.451825
vt 0.720961 0.502532
vt 0.697558 0.502532
vt 0.756066 0.537637
vt 0.756066 0.561040
vt 0.720961 0.561040
vt 0.720961 0.537637
vt 0.752165 0.510333
vt 0.748265 0.510333
vt 0.752165 0.483029
vt 0.728762 0.483029
vt 0.728762 0.510333
vt 0.623448 0.580542
vt 0.623448 0.557139
vt 0.603945 0.549338
vt 0.584443 0.572741
vt 0.615647 0.537637
vt 0.627349 0.557139
vt 0.631249 0.553239
vt 0.635150 0.533736
vt 0.646851 0.537637
vt 0.639050 0.557139
vt 0.642951 0.557139
vt 0.666354 0.553239
vt 0.642951 0.580542
vt 0.693657 0.564940
vt 0.580542 0.600045
vt 0.627349 0.584443
vt 0.639050 0.584443
vt 0.752165 0.600045
vt 0.631249 0.584443
vt 0.744364 0.564940
vt 0.853579 0.479129
vt 0.853579 0.510333
vt 0.849678 0.510333
vt 0.849678 0.479129
vt 0.853579 0.455726
vt 0.849678 0.455726
vt 0.849678 0.440124
vt 0.853579 0.440124
vt 0.853579 0.424521
vt 0.849678 0.424521
vt 0.849678 0.405019
vt 0.853579 0.405019
vt 0.849678 0.373815
vt 0.853579 0.373815
vt 0.678055 0.510333
vt 0.678055 0.529836
vt 0.654652 0.537637
vt 0.623448 0.525935
vt 0.674155 0.553239
vt 0.681956 0.533736
vt 0.685856 0.537637
vt 0.685856 0.557139
vt 0.701458 0.553239
vt 0.689757 0.533736
vt 0.693657 0.529836
vt 0.717061 0.541537
vt 0.693657 0.510333
vt 0.732663 0.518134
vt 0.841877 0.389417
vt 0.841877 0.408919
vt 0.837977 0.408919
vt 0.837977 0.389417
vt 0.837977 0.416720
vt 0.841877 0.416720
vt 0.837977 0.385516
vt 0.841877 0.385516
vt 0.837977 0.420621
vt 0.841877 0.420621
vt 0.837977 0.428422
vt 0.841877 0.428422
vt 0.841877 0.432323
vt 0.837977 0.432323
vt 0.841877 0.451825
vt 0.837977 0.451825
vt 0.837977 0.459626
vt 0.841877 0.459626
vt 0.837977 0.463527
vt 0.841877 0.463527
vt 0.837977 0.377715
vt 0.841877 0.377715
vt 0.631249 0.623448
vt 0.592244 0.623448
vt 0.592244 0.603945
vt 0.631249 0.603945
vt 0.635150 0.603945
vt 0.635150 0.623448
vt 0.642951 0.603945
vt 0.642951 0.623448
vt 0.646851 0.623448
vt 0.646851 0.603945
vt 0.650752 0.623448
vt 0.650752 0.603945
vt 0.705359 0.623448
vt 0.705359 0.603945
vt 0.557139 0.748265
vt 0.564940 0.748265
vt 0.564940 0.767767
vt 0.557139 0.767767
vt 0.557139 0.728762
vt 0.564940 0.728762
vt 0.557139 0.791170
vt 0.564940 0.791170
vt 0.397218 0.791170
vt 0.405019 0.791170
vt 0.405019 0.822375
vt 0.397218 0.822375
vt 0.405019 0.779469
vt 0.397218 0.779469
vt 0.397218 0.767767
vt 0.405019 0.767767
vt 0.397218 0.728762
vt 0.405019 0.728762
vt 0.405019 0.869181
vt 0.393317 0.869181
vt 0.393317 0.865280
vt 0.405019 0.865280
vt 0.580542 0.756066
vt 0.568841 0.748265
vt 0.580542 0.748265
vt 0.568841 0.756066
vt 0.568841 0.791170
vt 0.580542 0.791170
vt 0.580542 0.720961
vt 0.568841 0.720961
vt 0.572741 0.802872
vt 0.576642 0.795071
vt 0.580542 0.806772
vt 0.537637 0.795071
vt 0.537637 0.798971
vt 0.568841 0.806772
vt 0.572741 0.818474
vt 0.580542 0.845778
vt 0.537637 0.806772
vt 0.537637 0.892584
vt 0.549338 0.892584
vt 0.549338 0.896484
vt 0.568841 0.880882
vt 0.580542 0.865280
vt 0.584443 0.845778
vt 0.627349 0.717061
vt 0.623448 0.709259
vt 0.619547 0.713160
vt 0.584443 0.709259
vt 0.584443 0.713160
vt 0.615647 0.720961
vt 0.619547 0.728762
vt 0.627349 0.759966
vt 0.596144 0.802872
vt 0.584443 0.717061
vt 0.584443 0.810673
vt 0.596144 0.814574
vt 0.615647 0.791170
vt 0.627349 0.779469
vt 0.631249 0.759966
vt 0.697558 0.892584
vt 0.717061 0.884783
vt 0.759966 0.892584
vt 0.748265 0.884783
vt 0.697558 0.880882
vt 0.717061 0.880882
vt 0.759966 0.880882
vt 0.748265 0.880882
vt 0.408919 0.861380
vt 0.393317 0.861380
vt 0.408919 0.834076
vt 0.393317 0.834076
vt 0.393317 0.826275
vt 0.408919 0.830176
vt 0.666354 0.775568
vt 0.654652 0.767767
vt 0.654652 0.779469
vt 0.666354 0.689757
vt 0.639050 0.701458
vt 0.639050 0.759966
vt 0.627349 0.732663
vt 0.779469 0.248998
vt 0.802872 0.248998
vt 0.802872 0.284103
vt 0.779469 0.284103
vt 0.779469 0.217794
vt 0.802872 0.217794
vt 0.802872 0.186590
vt 0.779469 0.186590
vt 0.822375 0.284103
vt 0.822375 0.248998
vt 0.822375 0.217794
vt 0.822375 0.186590
vt 0.845778 0.284103
vt 0.845778 0.311406
vt 0.822375 0.311406
vt 0.802872 0.307506
vt 0.802872 0.311406
vt 0.845778 0.248998
vt 0.845778 0.217794
vt 0.845778 0.186590
vt 0.779469 0.307506
vt 0.557139 0.748265
vt 0.557139 0.767767
vt 0.564940 0.767767
vt 0.564940 0.748265
vt 0.557139 0.728762
vt 0.564940 0.728762
vt 0.557139 0.791170
vt 0.564940 0.791170
vt 0.397218 0.791170
vt 0.397218 0.822375
vt 0.405019 0.822375
vt 0.405019 0.791170
vt 0.405019 0.779469
vt 0.397218 0.779469
vt 0.397218 0.767767
vt 0.405019 0.767767
vt 0.397218 0.728762
vt 0.405019 0.728762
vt 0.405019 0.869181
vt 0.405019 0.865280
vt 0.393317 0.865280
vt 0.393317 0.869181
vt 0.568841 0.748265
vt 0.580542 0.756066
vt 0.580542 0.748265
vt 0.568841 0.756066
vt 0.568841 0.791170
vt 0.580542 0.791170
vt 0.580542 0.720961
vt 0.568841 0.720961
vt 0.572741 0.802872
vt 0.580542 0.806772
vt 0.576642 0.795071
vt 0.537637 0.795071
vt 0.537637 0.798971
vt 0.568841 0.806772
vt 0.572741 0.818474
vt 0.580542 0.845778
vt 0.549338 0.892584
vt 0.568841 0.880882
vt 0.580542 0.865280
vt 0.584443 0.845778
vt 0.537637 0.806772
vt 0.537637 0.892584
vt 0.549338 0.896484
vt 0.623448 0.709259
vt 0.627349 0.717061
vt 0.619547 0.713160
vt 0.584443 0.709259
vt 0.584443 0.713160
vt 0.615647 0.720961
vt 0.619547 0.728762
vt 0.627349 0.759966
vt 0.596144 0.802872
vt 0.584443 0.717061
vt 0.584443 0.810673
vt 0.596144 0.814574
vt 0.615647 0.791170
vt 0.627349 0.779469
vt 0.631249 0.759966
vt 0.759966 0.892584
vt 0.717061 0.884783
vt 0.697558 0.892584
vt 0.748265 0.884783
vt 0.697558 0.880882
vt 0.717061 0.880882
vt 0.759966 0.880882
vt 0.748265 0.880882
vt 0.408919 0.861380
vt 0.408919 0.834076
vt 0.393317 0.834076
vt 0.393317 0.861380
vt 0.393317 0.826275
vt 0.408919 0.830176
vt 0.654652 0.767767
vt 0.666354 0.775568
vt 0.654652 0.779469
vt 0.666354 0.689757
vt 0.639050 0.701458
vt 0.639050 0.759966
vt 0.627349 0.732663
vt 0.779469 0.248998
vt 0.779469 0.284103
vt 0.802872 0.284103
vt 0.802872 0.248998
vt 0.779469 0.217794
vt 0.802872 0.217794
vt 0.802872 0.186590
vt 0.779469 0.186590
vt 0.822375 0.284103
vt 0.822375 0.248998
vt 0.822375 0.217794
vt 0.822375 0.186590
vt 0.845778 0.284103
vt 0.845778 0.311406
vt 0.822375 0.311406
vt 0.802872 0.307506
vt 0.802872 0.311406
vt 0.845778 0.248998
vt 0.845778 0.217794
vt 0.845778 0.186590
vt 0.779469 0.307506
vt 0.674155 0.245098
vt 0.674155 0.276302
vt 0.444024 0.276302
vt 0.354312 0.237296
vt 0.674155 0.217794
vt 0.354312 0.217794
vt 0.354312 0.186590
vt 0.674155 0.186590
vt 0.775568 0.256799
vt 0.775568 0.221694
vt 0.354312 0.319207
vt 0.674155 0.311406
vt 0.775568 0.291904
vt 0.775568 0.307506
vt 0.674155 0.319207
vt 0.775568 0.319207
vt 0.775568 0.186590
vt 0.954992 0.096878
vt 0.990097 0.416720
vt 0.954992 0.518134
vt 0.993997 0.096878
vt 0.990097 0.518134
vt 0.865280 0.779469
vt 0.849678 0.806772
vt 0.857479 0.837977
vt 0.888683 0.853579
vt 0.888683 0.756066
vt 0.865280 0.759966
vt 0.861380 0.756066
vt 0.681956 0.502532
vt 0.689757 0.483029
vt 0.693657 0.405019
vt 0.654652 0.405019
vt 0.654652 0.510333
vt 0.444024 0.276302
vt 0.674155 0.276302
vt 0.674155 0.245098
vt 0.354312 0.233396
vt 0.674155 0.217794
vt 0.354312 0.217794
vt 0.354312 0.186590
vt 0.674155 0.186590
vt 0.775568 0.256799
vt 0.775568 0.221694
vt 0.354312 0.319207
vt 0.674155 0.311406
vt 0.775568 0.291904
vt 0.775568 0.307506
vt 0.674155 0.319207
vt 0.775568 0.319207
vt 0.775568 0.186590
vt 0.990097 0.416720
vt 0.993997 0.096878
vt 0.954992 0.096878
vt 0.954992 0.518134
vt 0.990097 0.518134
vt 0.849678 0.806772
vt 0.865280 0.779469
vt 0.857479 0.837977
vt 0.888683 0.853579
vt 0.888683 0.756066
vt 0.865280 0.759966
vt 0.861380 0.756066
vt 0.689757 0.483029
vt 0.681956 0.502532
vt 0.693657 0.405019
vt 0.654652 0.405019
vt 0.654652 0.510333
vt 0.771668 0.603945
vt 0.771668 0.650752
vt 0.732663 0.639050
vt 0.732663 0.603945
vt 0.798971 0.603945
vt 0.798971 0.654652
vt 0.736563 0.642951
vt 0.818474 0.600045
vt 0.818474 0.584443
vt 0.826275 0.584443
vt 0.826275 0.603945
vt 0.822375 0.553239
vt 0.841877 0.557139
vt 0.826275 0.518134
vt 0.849678 0.518134
vt 0.873081 0.549338
vt 0.873081 0.518134
vt 0.806772 0.549338
vt 0.814574 0.557139
vt 0.810673 0.568841
vt 0.787270 0.541537
vt 0.763867 0.600045
vt 0.763867 0.541537
vt 0.810673 0.600045
vt 0.795071 0.483029
vt 0.814574 0.514233
vt 0.841877 0.483029
vt 0.795071 0.518134
vt 0.841877 0.506432
vt 0.802872 0.545438
vt 0.795071 0.479129
vt 0.841877 0.475228
vt 0.841877 0.568841
vt 0.845778 0.568841
vt 0.841877 0.584443
vt 0.834076 0.584443
vt 0.841877 0.557139
vt 0.849678 0.557139
vt 0.849678 0.568841
vt 0.857479 0.564940
vt 0.853579 0.588343
vt 0.849678 0.588343
vt 0.845778 0.615647
vt 0.837977 0.615647
vt 0.834076 0.650752
vt 0.841877 0.654652
vt 0.826275 0.611746
vt 0.822375 0.650752
vt 0.124181 0.229495
vt 0.346511 0.229495
vt 0.346511 0.248998
vt 0.124181 0.248998
vt 0.120281 0.272401
vt 0.346511 0.272401
vt 0.346511 0.206092
vt 0.089077 0.213893
vt 0.089077 0.229495
vt 0.085176 0.213893
vt 0.007166 0.206092
vt 0.346511 0.182689
vt 0.007166 0.182689
vt 0.077375 0.217794
vt 0.077375 0.229495
vt 0.007166 0.229495
vt 0.073475 0.248998
vt 0.007166 0.248998
vt 0.007166 0.272401
vt 0.073475 0.272401
vt 0.264600 0.845778
vt 0.264600 0.802872
vt 0.272401 0.826275
vt 0.241197 0.849678
vt 0.241197 0.795071
vt 0.221694 0.806772
vt 0.221694 0.845778
vt 0.217794 0.826275
vt 0.346511 0.291904
vt 0.346511 0.315307
vt 0.007166 0.291904
vt 0.007166 0.315307
vt 0.120281 0.272401
vt 0.346511 0.272401
vt 0.346511 0.330909
vt 0.007166 0.330909
vt 0.346511 0.354312
vt 0.007166 0.354312
vt 0.073475 0.272401
vt 0.007166 0.272401
vt 0.611746 0.635150
vt 0.623448 0.627349
vt 0.623448 0.635150
vt 0.611746 0.627349
vt 0.631249 0.627349
vt 0.631249 0.635150
vt 0.623448 0.627349
vt 0.623448 0.635150
vt 0.631249 0.635150
vt 0.631249 0.627349
vt 0.642951 0.627349
vt 0.642951 0.635150
vt 0.650752 0.627349
vt 0.650752 0.635150
vt 0.642951 0.635150
vt 0.642951 0.627349
vt 0.592244 0.635150
vt 0.592244 0.627349
vt 0.600045 0.635150
vt 0.600045 0.627349
vt 0.611746 0.627349
vt 0.611746 0.635150
vt 0.600045 0.635150
vt 0.600045 0.627349
vt 0.678055 0.670254
vt 0.685856 0.658553
vt 0.693657 0.658553
vt 0.697558 0.670254
vt 0.693657 0.678055
vt 0.685856 0.678055
vt 0.873081 0.876982
vt 0.908186 0.876982
vt 0.908186 0.900385
vt 0.873081 0.900385
vt 0.908186 0.915987
vt 0.873081 0.915987
vt 0.873081 0.927689
vt 0.908186 0.927689
vt 0.908186 0.935490
vt 0.873081 0.935490
vt 0.873081 0.962793
vt 0.908186 0.962793
vt 0.873081 0.974495
vt 0.908186 0.974495
vt 0.908186 0.869181
vt 0.873081 0.869181
vt 0.717061 0.759966
vt 0.728762 0.771668
vt 0.720961 0.787270
vt 0.728762 0.779469
vt 0.697558 0.791170
vt 0.697558 0.756066
vt 0.689757 0.783369
vt 0.689757 0.759966
vt 0.888683 0.666354
vt 0.880882 0.666354
vt 0.880882 0.650752
vt 0.888683 0.650752
vt 0.888683 0.728762
vt 0.880882 0.728762
vt 0.888683 0.748265
vt 0.880882 0.748265
vt 0.947191 0.775568
vt 0.970594 0.767767
vt 0.997898 0.783369
vt 0.978395 0.767767
vt 0.962793 0.763867
vt 0.978395 0.705359
vt 0.997898 0.689757
vt 0.970594 0.705359
vt 0.951092 0.697558
vt 0.962793 0.705359
vt 0.997898 0.783369
vt 0.978395 0.767767
vt 0.970594 0.767767
vt 0.947191 0.775568
vt 0.978395 0.705359
vt 0.997898 0.689757
vt 0.970594 0.705359
vt 0.951092 0.697558
vt 0.962793 0.763867
vt 0.962793 0.705359
vt 0.900385 0.861380
vt 0.892584 0.861380
vt 0.892584 0.795071
vt 0.900385 0.795071
vt 0.900385 0.783369
vt 0.892584 0.783369
vt 0.892584 0.865280
vt 0.900385 0.865280
vt 0.900385 0.720961
vt 0.892584 0.720961
vt 0.650752 0.795071
vt 0.689757 0.791170
vt 0.646851 0.810673
vt 0.642951 0.810673
vt 0.631249 0.775568
vt 0.639050 0.787270
vt 0.615647 0.845778
vt 0.627349 0.798971
vt 0.603945 0.845778
vt 0.876982 0.428422
vt 0.884783 0.428422
vt 0.884783 0.436223
vt 0.876982 0.436223
vt 0.884783 0.486930
vt 0.876982 0.486930
vt 0.884783 0.533736
vt 0.876982 0.533736
vt 0.642951 0.806772
vt 0.631249 0.802872
vt 0.615647 0.845778
vt 0.603945 0.845778
vt 0.631249 0.775568
vt 0.639050 0.787270
vt 0.650752 0.795071
vt 0.689757 0.791170
vt 0.646851 0.810673
vt 0.912087 0.592244
vt 0.919888 0.580542
vt 0.919888 0.592244
vt 0.912087 0.580542
vt 0.912087 0.568841
vt 0.919888 0.568841
vt 0.912087 0.557139
vt 0.919888 0.557139
vt 0.919888 0.545438
vt 0.912087 0.545438
vt 0.912087 0.307506
vt 0.904285 0.256799
vt 0.947191 0.256799
vt 0.947191 0.307506
vt 0.915987 0.206092
vt 0.947191 0.206092
vt 0.919888 0.432323
vt 0.947191 0.432323
vt 0.939390 0.186590
vt 0.876982 0.299705
vt 0.849678 0.299705
vt 0.849678 0.252899
vt 0.880882 0.252899
vt 0.880882 0.245098
vt 0.849678 0.245098
vt 0.876982 0.206092
vt 0.849678 0.206092
vt 0.873081 0.186590
vt 0.849678 0.186590
vt 0.525935 0.459626
vt 0.650752 0.455726
vt 0.646851 0.408919
vt 0.494731 0.424521
vt 0.654652 0.401118
vt 0.483029 0.369914
vt 0.693657 0.397218
vt 0.826275 0.338710
vt 0.830176 0.350412
vt 0.697558 0.416720
vt 0.830176 0.327008
vt 0.479129 0.338710
vt 0.841877 0.342611
vt 0.896484 0.186590
vt 0.900385 0.342611
vt 0.888683 0.334809
vt 0.876982 0.186590
vt 0.904285 0.256799
vt 0.912087 0.307506
vt 0.947191 0.256799
vt 0.947191 0.307506
vt 0.915987 0.206092
vt 0.947191 0.206092
vt 0.919888 0.432323
vt 0.947191 0.432323
vt 0.939390 0.186590
vt 0.876982 0.299705
vt 0.880882 0.252899
vt 0.849678 0.252899
vt 0.849678 0.299705
vt 0.880882 0.245098
vt 0.849678 0.245098
vt 0.876982 0.206092
vt 0.849678 0.206092
vt 0.873081 0.186590
vt 0.849678 0.186590
vt 0.650752 0.455726
vt 0.525935 0.459626
vt 0.646851 0.408919
vt 0.494731 0.424521
vt 0.654652 0.401118
vt 0.483029 0.369914
vt 0.693657 0.397218
vt 0.826275 0.338710
vt 0.830176 0.350412
vt 0.697558 0.416720
vt 0.830176 0.327008
vt 0.479129 0.338710
vt 0.841877 0.342611
vt 0.896484 0.186590
vt 0.876982 0.186590
vt 0.888683 0.334809
vt 0.900385 0.342611
vt 0.315307 0.724862
vt 0.315307 0.795071
vt 0.108579 0.795071
vt 0.108579 0.724862
vt 0.346511 0.724862
vt 0.346511 0.795071
vt 0.089077 0.795071
vt 0.089077 0.724862
vt 0.057873 0.724862
vt 0.057873 0.795071
vt 0.030569 0.713160
vt 0.007166 0.717061
vt 0.007166 0.923788
vt 0.038370 0.931589
vt 0.011066 0.693657
vt 0.026668 0.951092
vt 0.011066 0.958893
vt 0.315307 0.724862
vt 0.108579 0.724862
vt 0.108579 0.795071
vt 0.315307 0.795071
vt 0.346511 0.724862
vt 0.346511 0.795071
vt 0.089077 0.795071
vt 0.089077 0.724862
vt 0.057873 0.724862
vt 0.057873 0.795071
vt 0.030569 0.713160
vt 0.038370 0.931589
vt 0.007166 0.923788
vt 0.007166 0.717061
vt 0.011066 0.693657
vt 0.026668 0.951092
vt 0.011066 0.958893
vt 0.256799 0.919888
vt 0.057873 0.923788
vt 0.057873 0.912087
vt 0.042270 0.923788
vt 0.057873 0.939390
vt 0.256799 0.939390
vt 0.276302 0.939390
vt 0.256799 0.958893
vt 0.057873 0.970594
vt 0.861380 0.381616
vt 0.908186 0.381616
vt 0.908186 0.401118
vt 0.861380 0.401118
vt 0.908186 0.362113
vt 0.908186 0.381616
vt 0.861380 0.381616
vt 0.861380 0.362113
vt 0.908186 0.346511
vt 0.861380 0.346511
vt 0.826275 0.861380
vt 0.795071 0.861380
vt 0.798971 0.810673
vt 0.826275 0.810673
vt 0.841877 0.810673
vt 0.841877 0.861380
vt 0.857479 0.405019
vt 0.873081 0.405019
vt 0.857479 0.455726
vt 0.873081 0.455726
vt 0.057873 0.798971
vt 0.213893 0.795071
vt 0.213893 0.814574
vt 0.057873 0.814574
vt 0.057873 0.845778
vt 0.213893 0.845778
vt 0.506432 0.923788
vt 0.506432 0.943291
vt 0.514233 0.935490
vt 0.494731 0.923788
vt 0.494731 0.943291
vt 0.490830 0.935490
vt 0.557139 0.943291
vt 0.568841 0.919888
vt 0.561040 0.919888
vt 0.568841 0.943291
vt 0.557139 0.900385
vt 0.568841 0.900385
vt 0.576642 0.919888
vt 0.576642 0.943291
vt 0.576642 0.900385
vt 0.588343 0.943291
vt 0.584443 0.919888
vt 0.588343 0.900385
vt 0.596144 0.919888
vt 0.600045 0.939390
vt 0.600045 0.900385
vt 0.549338 0.919888
vt 0.549338 0.943291
vt 0.541537 0.919888
vt 0.537637 0.939390
vt 0.537637 0.900385
vt 0.549338 0.900385
vt 0.272401 0.904285
vt 0.284103 0.904285
vt 0.284103 0.915987
vt 0.260700 0.915987
vt 0.260700 0.904285
vt 0.213893 0.795071
vt 0.213893 0.795071
vt 0.213893 0.814574
vt 0.213893 0.814574
vt 0.213893 0.845778
vt 0.213893 0.845778
vt 0.128082 0.997898
vt 0.003265 0.997898
vt 0.003265 0.978395
vt 0.124181 0.978395
vn 0.3650 0.7142 0.5972
vn 0.3650 0.7459 0.5571
vn 0.1746 0.3333 0.9265
vn 0.0794 0.1428 0.9866
vn -0.0159 -0.0794 0.9967
vn -0.0159 -0.0159 0.9997
vn 0.0158 -0.0161 0.9997
vn -0.0159 -0.1746 0.9845
vn -0.0476 -0.3650 0.9298
vn 0.4603 0.8729 -0.1618
vn 0.3968 0.9047 -0.1555
vn -0.0159 0.0159 0.9997
vn -0.2381 -0.1428 0.9607
vn -0.2063 -0.0159 0.9784
vn 0.0159 -0.0159 0.9997
vn -0.2381 0.0476 0.9701
vn 0.0159 -0.0476 0.9987
vn -0.3968 0.1428 0.9067
vn -0.0794 0.0159 0.9967
vn 0.0794 -0.0794 0.9937
vn -0.5555 0.0476 0.8302
vn -0.4285 -0.3016 0.8517
vn -0.3333 -0.1111 0.9363
vn -0.5555 0.2381 0.7967
vn -0.1111 -0.1111 0.9876
vn 0.1111 -0.0794 0.9906
vn -0.2698 0.2063 0.9405
vn -0.2063 -0.2063 0.9565
vn -0.0159 -0.4285 0.9034
vn -0.2063 -0.0793 0.9753
vn 0.7777 0.0794 0.6236
vn 0.9681 -0.2063 -0.1420
vn 0.9939 0.1104 0.0000
vn 0.7459 -0.1746 0.6427
vn 0.6507 -0.2063 0.7308
vn 0.9364 -0.3016 -0.1796
vn 0.4603 0.0476 0.8865
vn 0.4920 -0.1111 0.8635
vn 0.1746 -0.9681 0.1795
vn 0.1746 -0.9681 -0.1795
vn 0.1746 -0.9681 -0.1796
vn 0.1746 -0.9681 0.1796
vn 0.2063 -0.9681 0.1419
vn 0.2063 -0.9681 0.1420
vn -0.7777 -0.5237 0.3477
vn -0.8345 -0.5511 -0.0000
vn -0.9364 0.0159 0.3506
vn -0.9989 0.0476 0.0000
vn -0.8729 0.3650 0.3237
vn -0.9046 0.3968 -0.1555
vn -0.6825 -0.7142 0.1555
vn -0.7669 -0.6417 -0.0000
vn -0.6507 -0.7142 0.2579
vn 0.1111 -0.6507 0.7511
vn 0.3968 -0.3650 0.8422
vn 0.6507 -0.2063 0.7307
vn 0.1428 -0.8412 0.5216
vn 0.4602 0.0476 0.8865
vn 0.9364 -0.3015 -0.1795
vn -0.1746 -0.9046 0.3888
vn -0.2063 -0.9681 -0.1420
vn 0.6750 -0.7378 0.0000
vn 0.4285 -0.4603 -0.7775
vn 0.3333 -0.3333 -0.8819
vn 0.0476 -0.0476 -0.9977
vn 0.5237 0.5555 -0.6459
vn -0.3650 0.3016 -0.8808
vn 0.2381 0.7777 -0.5818
vn -0.1428 0.1111 -0.9835
vn -0.7669 0.6417 0.0000
vn 0.7459 0.6507 -0.1419
vn 0.7459 0.6507 0.1420
vn 0.7459 0.6190 -0.2459
vn 0.8711 0.4910 -0.0000
vn 0.9999 0.0159 -0.0003
vn 0.9037 0.4281 -0.0000
vn 0.0791 0.9969 0.0000
vn 0.0476 0.9989 -0.0000
vn -0.4603 0.8729 0.1618
vn -0.4602 0.8729 0.1618
vn 0.0476 -0.3968 0.9167
vn 0.0794 -0.3333 0.9395
vn 0.0476 -0.4285 0.9023
vn 0.0159 -0.4920 0.8705
vn -0.9681 0.2381 -0.0777
vn -0.9681 0.2381 0.0777
vn -0.9681 0.2381 -0.0778
vn -0.9633 0.2685 -0.0000
vn -0.9633 0.2684 0.0000
vn -0.8729 0.4603 -0.1619
vn -0.8729 0.4603 -0.1618
vn -0.4281 -0.9037 -0.0000
vn -0.4285 -0.8729 0.2333
vn 0.0159 0.0159 0.9997
vn 0.0159 -0.4920 0.8704
vn -0.0159 -0.6190 0.7853
vn 0.0159 -0.6190 0.7853
vn 0.8412 0.5237 0.1347
vn 0.8094 0.5872 -0.0004
vn 0.6190 0.7459 0.2459
vn 0.6825 0.7142 0.1555
vn 0.4920 0.8412 0.2244
vn 0.4920 0.8412 0.2245
vn 0.8712 0.4910 0.0000
vn 0.9317 0.3632 -0.0000
vn 0.9681 0.2381 -0.0778
vn 0.1743 0.3880 0.3551
vn 0.3967 0.7141 -0.5767
vn 0.3968 0.9046 -0.1555
vn 0.3333 0.7142 -0.6155
vn 0.1746 0.3333 -0.9265
vn 0.0794 0.1428 -0.9866
vn 0.0159 -0.0159 -0.9997
vn -0.0159 -0.0159 -0.9997
vn 0.0159 -0.1111 -0.9937
vn -0.2063 -0.0159 -0.9784
vn -0.2381 -0.1428 -0.9607
vn -0.0159 0.0159 -0.9997
vn -0.2381 0.0476 -0.9701
vn 0.0159 -0.0476 -0.9987
vn -0.3968 0.1429 -0.9067
vn -0.0794 0.0159 -0.9967
vn 0.0794 -0.1111 -0.9906
vn -0.5555 0.0476 -0.8302
vn -0.4285 -0.3016 -0.8517
vn -0.3333 -0.1111 -0.9363
vn -0.5555 0.2381 -0.7967
vn -0.1111 -0.1111 -0.9876
vn 0.1428 -0.0794 -0.9866
vn 0.1111 -0.0794 -0.9906
vn -0.2698 0.2063 -0.9405
vn -0.2063 -0.2063 -0.9565
vn -0.0159 -0.4285 -0.9034
vn -0.2063 -0.0793 -0.9753
vn 0.9681 -0.2063 -0.1419
vn 0.7777 0.0794 -0.6236
vn 0.7459 -0.1746 -0.6427
vn 0.6507 -0.2063 -0.7308
vn 0.9364 -0.3015 -0.1796
vn 0.4603 0.0476 -0.8865
vn 0.4920 -0.1111 -0.8635
vn 0.2063 -0.9681 -0.1420
vn -0.9364 0.0159 -0.3506
vn -0.7777 -0.5237 -0.3477
vn -0.8729 0.3650 -0.3237
vn -0.6824 -0.7142 -0.1555
vn -0.6507 -0.7142 -0.2579
vn 0.1111 -0.6507 -0.7511
vn 0.6507 -0.2063 -0.7307
vn 0.3968 -0.3650 -0.8422
vn 0.1428 -0.8412 -0.5216
vn -0.1746 -0.9046 -0.3888
vn -0.2063 -0.9681 -0.1419
vn 0.3333 -0.3333 0.8819
vn 0.4285 -0.4603 0.7775
vn 0.0476 -0.0476 0.9977
vn 0.2381 0.7777 0.5818
vn -0.3650 0.3015 0.8808
vn 0.5238 0.5555 0.6458
vn -0.1429 0.1111 0.9835
vn 0.9046 0.3968 -0.1555
vn 0.1428 0.9681 -0.2057
vn -0.4603 0.8729 -0.1619
vn -0.4603 0.8729 -0.1618
vn 0.0476 -0.5237 -0.8506
vn 0.0476 -0.5555 -0.8302
vn 0.2380 0.7777 0.5818
vn 0.5237 0.5555 0.6459
vn 0.7460 0.6189 0.2459
vn 0.7459 0.6190 0.2459
vn 0.7459 0.6507 -0.1420
vn -0.9681 0.2381 0.0778
vn -0.8729 0.4603 0.1619
vn -0.8729 0.4603 0.1618
vn -0.8729 0.4602 -0.1619
vn -0.4285 -0.8729 -0.2333
vn 0.0159 0.0159 -0.9997
vn -0.0159 -0.6190 -0.7853
vn 0.4732 0.1893 0.4978
vn 0.8412 0.5237 -0.1347
vn 0.6825 0.7142 -0.1555
vn 0.6190 0.7459 -0.2459
vn 0.4920 0.8412 -0.2245
vn 0.0794 0.2698 -0.9596
vn -0.0159 0.4602 -0.8877
vn 0.2381 0.7777 -0.5819
vn -0.0159 0.0794 -0.9967
vn -0.0159 0.1111 -0.9937
vn -0.0159 0.9046 -0.4259
vn 0.0159 0.9681 -0.2499
vn 0.2698 0.9364 -0.2244
vn -0.0159 0.9999 -0.0003
vn 0.3968 0.7142 -0.5766
vn 0.4603 0.8729 -0.1619
vn -0.0794 0.8094 -0.5818
vn -0.0159 0.9047 -0.4258
vn -0.0794 0.4603 -0.8842
vn -0.0159 0.4603 -0.8876
vn -0.0476 0.0476 -0.9977
vn -0.0159 -0.2063 -0.9784
vn 0.1428 0.2063 -0.9680
vn 0.0159 -0.2381 -0.9711
vn 0.0476 -0.1746 -0.9835
vn 0.0159 -0.5237 -0.8517
vn 0.0159 -0.5555 -0.8314
vn -0.0476 -0.1746 -0.9835
vn -0.0159 -0.6507 -0.7592
vn -0.1746 -0.4285 -0.8865
vn -0.0476 -0.0794 -0.9957
vn -0.0159 -0.7777 -0.6285
vn -0.0159 -0.9999 -0.0004
vn 0.0476 -0.0794 -0.9957
vn 0.1746 -0.4285 -0.8865
vn -0.0159 -0.9364 0.3506
vn -0.0159 -0.3333 0.9427
vn 0.4920 -0.7142 0.4978
vn 0.5555 -0.3015 0.7749
vn -0.7777 -0.2381 0.5818
vn -0.0159 -0.3650 0.9309
vn -0.5872 -0.3016 0.7512
vn -0.9999 0.0159 -0.0003
vn 0.7777 -0.6190 0.1100
vn 0.4920 -0.7142 0.4979
vn 0.0159 -0.9999 -0.0003
vn -0.0158 0.4603 0.8876
vn 0.0794 0.3016 0.9501
vn 0.2381 0.7777 0.5819
vn -0.0159 0.9047 0.4258
vn 0.2698 0.9364 0.2244
vn 0.4285 0.6507 0.6269
vn 0.5237 0.8094 0.2656
vn -0.0159 0.8094 0.5870
vn 0.0476 -0.1746 0.9835
vn -0.0159 -0.2381 0.9711
vn 0.0159 -0.5237 0.8517
vn 0.0159 -0.5555 0.8314
vn -0.0476 -0.1429 0.9886
vn -0.0159 -0.2063 0.9784
vn -0.0159 -0.6507 0.7592
vn -0.1746 -0.4285 0.8865
vn -0.0476 -0.0794 0.9957
vn -0.0159 -0.7777 0.6285
vn -0.0159 -0.9681 0.2499
vn 0.0476 -0.0794 0.9957
vn 0.1746 -0.4285 0.8865
vn 0.1428 0.2063 0.9680
vn -0.0159 -0.9364 -0.3506
vn 0.4920 -0.7142 -0.4978
vn -0.0159 -0.3333 -0.9427
vn 0.5555 -0.3016 -0.7749
vn -0.7777 -0.2381 -0.5818
vn -0.0159 -0.3650 -0.9309
vn -0.5872 -0.3015 -0.7512
vn 0.0159 -0.9999 -0.0004
vn 0.4920 -0.7142 -0.4979
vn -0.0159 0.2381 -0.9711
vn -0.3333 -0.1746 -0.9265
vn -0.0159 0.1746 -0.9845
vn 0.5237 0.6190 -0.5853
vn -0.3650 0.6507 -0.6658
vn -0.7777 0.1111 -0.6188
vn -0.4603 -0.6507 -0.6039
vn -0.9364 -0.2381 -0.2579
vn -0.7459 -0.4285 -0.5099
vn -0.3650 -0.6824 -0.6333
vn 0.8094 -0.3650 -0.4600
vn 0.4285 -0.6507 -0.6269
vn 0.9681 -0.1111 -0.2244
vn -0.6190 -0.7459 -0.2459
vn 0.9681 -0.1111 -0.2245
vn 0.5238 0.6190 -0.5853
vn 0.3016 0.9364 -0.1796
vn -0.3968 0.9046 -0.1555
vn -0.9939 0.1104 -0.0000
vn -0.5238 -0.8412 -0.1347
vn 0.9999 -0.0159 -0.0003
vn 0.0159 0.9999 -0.0003
vn -0.0158 0.8412 -0.5405
vn -0.0159 0.8412 -0.5405
vn -0.0159 0.9047 -0.4259
vn 0.9999 -0.0159 -0.0004
vn 0.0000 0.0000 0.0000
vn -0.1998 0.0000 0.3997
vn -0.9999 -0.0159 -0.0003
vn -0.0159 0.9999 -0.0004
vn -0.0159 0.6507 0.7591
vn -0.0159 0.6507 0.7592
vn 0.0159 -0.0794 0.9967
vn 0.0159 -0.0793 0.9967
vn 0.0159 -0.7459 0.6658
vn 0.0159 -0.7460 0.6658
vn -0.9999 0.0159 -0.0004
vn -0.9999 0.0159 0.0000
vn -0.7071 0.7071 0.0000
vn 0.7071 0.7071 -0.0002
vn 0.7071 0.7071 0.0000
vn 0.7071 -0.7071 0.0000
vn 0.7071 -0.7071 0.0001
vn 0.0158 -0.9999 -0.0003
vn -0.7071 -0.7071 0.0000
vn -0.7071 -0.7071 -0.0001
vn -0.0158 0.8412 0.5406
vn -0.0159 0.8412 0.5405
vn -0.0159 0.9046 0.4259
vn -0.0159 0.9047 0.4259
vn 0.1999 0.0000 0.3997
vn -0.9999 -0.0158 -0.0003
vn -0.0159 0.6507 -0.7592
vn 0.0159 -0.0794 -0.9967
vn 0.0158 -0.0793 -0.9967
vn 0.0159 -0.7459 -0.6658
vn 0.0159 -0.7460 -0.6658
vn -0.0159 -0.9999 -0.0003
vn -0.7071 -0.7071 0.0001
vn -0.0158 -0.9999 -0.0004
vn -0.9997 -0.0159 0.0159
vn 0.8575 0.5145 0.0000
vn -0.8712 0.4910 0.0000
vn -0.8711 0.4910 0.0000
vn -0.8711 0.4910 -0.0003
vn 0.3333 -0.9364 -0.1100
vn 0.8412 -0.5238 -0.1347
vn -0.7777 -0.6189 -0.1099
vn -0.7777 -0.6190 -0.1100
vn -0.9969 -0.0791 0.0000
vn 0.3333 -0.9364 0.1099
vn 0.8412 -0.5237 0.1347
vn 0.8412 -0.5238 0.1347
vn 0.3333 -0.9364 0.1100
vn -0.7777 -0.6190 -0.1099
vn -0.0159 -0.0476 0.9987
vn -0.0159 -0.0476 -0.9987
vn -0.0159 -0.0794 -0.9967
vn -0.5872 -0.8094 -0.0004
vn -0.5872 -0.8094 -0.0005
vn -0.9939 0.1105 -0.0000
vn -0.8712 -0.4910 0.0000
vn -0.6825 -0.7142 -0.1555
vn 0.7459 -0.6507 0.1420
vn 0.4603 -0.8729 0.1619
vn 0.7460 -0.6507 0.1420
vn 0.8412 -0.5237 -0.1347
vn 0.6507 -0.7459 0.1419
vn 0.6507 -0.7459 0.1420
vn 0.8345 -0.5511 -0.0000
vn 0.5510 0.8345 0.0000
vn 0.5511 0.8345 -0.0000
vn -0.1104 0.9939 0.0000
vn -0.6825 0.7142 -0.1555
vn -0.9939 -0.1105 0.0000
vn -0.9939 -0.1104 0.0000
vn -0.3901 -0.9208 -0.0000
vn -0.7142 -0.6825 -0.1555
vn -0.7142 -0.6824 -0.1555
vn -0.3968 -0.9047 -0.1555
vn -0.3968 -0.9046 -0.1555
vn 0.1416 -0.9899 0.0000
vn 0.6507 -0.7459 -0.1420
vn 0.8575 -0.5145 -0.0000
vn -0.0158 0.9999 -0.0003
vn -0.0158 0.7142 -0.6998
vn -0.0159 0.7142 -0.6998
vn 0.0159 -0.7142 -0.6998
vn 0.0159 -0.7142 -0.6997
vn -0.0159 0.7142 0.6998
vn 0.0159 -0.7142 0.6998
vn -0.0159 -0.7142 -0.6998
vn -0.0159 0.0158 -0.9997
vn -0.0158 0.9999 -0.0004
vn -0.0159 -0.7142 0.6998
vn -0.0159 0.0158 0.9997
vn -0.3968 -0.3968 -0.8277
vn -0.9999 0.0158 -0.0003
vn -0.4285 0.0159 -0.9034
vn -0.9046 -0.3968 -0.1555
vn 0.5238 -0.3968 -0.7538
vn 0.5872 0.0159 -0.8093
vn 0.9046 -0.3968 -0.1555
vn 0.2381 -0.9047 -0.3534
vn 0.3968 -0.9047 -0.1555
vn 0.0476 0.0158 -0.9987
vn 0.0476 0.0159 -0.9987
vn 0.9999 0.0158 -0.0003
vn -0.2381 0.9364 -0.2579
vn -0.2381 0.9364 -0.2578
vn -0.7142 0.6825 -0.1555
vn -0.0159 0.1746 0.9845
vn -0.0159 0.2698 0.9628
vn -0.0159 0.4603 0.8876
vn -0.0158 0.1428 0.9896
vn -0.0159 0.1428 0.9896
vn 0.0159 -0.2063 -0.9784
vn 0.0159 -0.4603 -0.8876
vn 0.7777 0.5872 -0.2244
vn 0.7777 0.5872 -0.2245
vn -0.9969 0.0791 0.0000
vn -0.0159 0.9364 -0.3506
vn 0.9207 0.3902 -0.0000
vn 0.9208 0.3901 0.0000
vn 0.9364 0.3333 -0.1100
vn 0.9364 0.3333 -0.1099
vn 0.0159 0.1428 -0.9896
vn 0.0159 -0.3650 -0.9309
vn 0.0159 -0.6190 -0.7853
vn 0.0159 -0.4920 -0.8705
vn -0.9681 -0.2063 -0.1419
vn -0.9681 -0.2064 -0.1420
vn -0.9681 -0.2063 0.1420
vn -0.9681 -0.2063 0.1419
vn -0.9681 -0.2381 -0.0778
vn -0.9681 -0.2380 0.0778
vn -0.9681 -0.2381 0.0778
vn 0.0476 0.2063 -0.9773
vn 0.0159 0.1746 -0.9845
vn -0.0159 0.3016 -0.9533
vn 0.0159 -0.2698 -0.9628
vn 0.0159 -0.6507 -0.7592
vn 0.0159 -0.4920 -0.8704
vn -0.6417 0.7669 0.0000
vn -0.7378 0.6750 0.0000
vn -0.7459 0.6507 -0.1420
vn -0.8913 0.4535 0.0000
vn -0.9046 0.3968 0.1555
vn 0.9851 -0.1720 0.0000
vn 0.8729 0.4603 -0.1619
vn 0.9999 0.0159 -0.0004
vn 0.8729 0.4603 -0.1618
vn 0.8729 -0.4603 0.1618
vn 0.9899 -0.1414 0.0000
vn 0.9989 -0.0476 -0.0000
vn 0.9989 -0.0475 0.0000
vn -0.3968 -0.3968 0.8277
vn -0.4285 0.0159 0.9034
vn -0.9047 -0.3968 -0.1555
vn 0.5237 -0.3968 0.7538
vn 0.5872 0.0159 0.8093
vn 0.2381 -0.9047 0.3535
vn 0.3968 -0.9046 -0.1555
vn 0.0476 0.0159 0.9987
vn -0.6825 0.7142 0.1555
vn -0.2381 0.9364 0.2579
vn -0.2380 0.9364 0.2579
vn -0.7142 0.6825 0.1555
vn -0.0159 0.2698 -0.9628
vn -0.0158 0.1428 -0.9896
vn -0.0159 0.1428 -0.9896
vn 0.0159 -0.1111 0.9937
vn 0.0159 -0.2063 0.9784
vn 0.0159 -0.4603 0.8876
vn 0.9681 0.2381 0.0778
vn 0.9046 0.3968 0.1555
vn 0.7777 0.5872 0.2245
vn 0.0159 0.9046 0.4259
vn -0.0159 0.9364 0.3506
vn 0.9047 0.3968 -0.1555
vn 0.9207 0.3902 0.0001
vn 0.9208 0.3902 -0.0000
vn 0.9364 0.3333 0.1100
vn 0.9364 0.3333 0.1099
vn 0.0159 -0.3650 0.9309
vn 0.0159 0.1428 0.9896
vn -0.9681 -0.2063 -0.1420
vn -0.9681 -0.2380 -0.0777
vn 0.0159 0.1746 0.9845
vn 0.0476 0.2063 0.9773
vn 0.0159 0.3015 0.9533
vn 0.0159 -0.2698 0.9628
vn 0.0159 -0.6507 0.7592
vn -0.7459 0.6507 0.1420
vn -0.6417 0.7670 -0.0000
vn -0.9047 0.3968 -0.1555
vn 0.8729 0.4602 -0.1618
vn 0.8729 0.4603 0.1619
vn 0.8729 -0.4603 -0.1618
vn 0.9969 0.0791 -0.0000
vn -0.0161 0.7142 0.6998
vn -0.9317 0.3632 0.0000
vn -0.8345 0.5510 -0.0000
vn 0.0158 0.0159 0.9997
vn -0.0158 -0.7142 -0.6998
vn 0.0158 0.0159 -0.9997
vn -0.9317 -0.3632 0.0000
vn -0.8345 -0.5510 0.0000
vn 0.0159 0.3333 0.9427
vn -0.0159 0.3333 -0.9427
vn -0.0159 -0.4603 -0.8876
vn -0.0159 -0.9681 -0.2499
vn -0.0159 -0.4602 -0.8877
vn -0.0159 0.3333 0.9427
vn -0.0159 -0.9681 -0.2500
vn 0.0159 0.3333 -0.9427
vn 0.0159 -0.4602 -0.8877
vn -0.0159 -0.4603 0.8876
vn 0.0159 -0.4602 0.8877
vn 0.0159 -0.9681 0.2499
vn -0.0159 -0.4602 0.8877
vn 0.0159 -0.9681 0.2500
vn -0.0159 -0.9681 0.2500
vn 0.0158 -0.4603 0.8876
vn 0.2381 0.9681 0.0777
vn 0.2381 0.9681 -0.0778
vn 0.1744 0.6825 -0.7098
vn 0.1746 0.6825 -0.7098
vn -0.1743 -0.6825 -0.7098
vn -0.1746 -0.6825 -0.7098
vn -0.2381 -0.9681 -0.0778
vn 0.1746 0.6825 0.7098
vn 0.2381 0.9681 0.0778
vn 0.0159 0.0158 0.9997
vn -0.1746 -0.6825 0.7098
vn -0.2381 -0.9681 -0.0777
vn 0.0791 -0.9969 -0.0000
vn -0.0791 0.9969 -0.0000
vn -0.4602 -0.0476 -0.8865
vn -0.4603 -0.0476 -0.8865
vn -0.9364 -0.0794 0.3419
vn -0.6824 -0.0476 0.7294
vn 0.7142 0.0476 -0.6983
vn -0.4920 -0.0476 0.8693
vn 0.5237 0.0476 0.8505
vn -0.4603 -0.0476 0.8865
vn -0.9364 -0.0794 -0.3419
vn -0.6822 -0.0485 -0.7295
vn -0.6825 -0.0476 -0.7294
vn 0.7142 0.0476 0.6983
vn 0.5237 0.0476 -0.8505
vn -0.4920 -0.0476 -0.8693
vn -0.0159 0.6190 -0.7852
vn -0.0159 0.6190 -0.7853
vn -0.0159 0.8412 -0.5406
vn 0.8094 -0.5237 -0.2656
vn 0.6825 -0.7142 -0.1555
vn 0.1720 -0.9851 -0.0000
vn 0.1428 -0.9364 -0.3206
vn -0.8412 -0.4920 -0.2244
vn -0.3015 -0.9046 -0.3012
vn -0.3333 -0.9364 -0.1100
vn -0.0159 0.6190 0.7853
vn -0.0159 0.6190 0.7852
vn -0.0159 0.8412 0.5406
vn 0.8094 -0.5237 0.2656
vn 0.1428 -0.9364 0.3206
vn -0.8412 -0.4920 0.2244
vn -0.3015 -0.9046 0.3012
vn -0.3333 -0.9364 -0.1099
vn -0.9681 0.2063 -0.1419
vn -0.9681 0.2063 -0.1420
vn -0.9681 0.2063 0.1419
vn -0.9681 0.2063 0.1420
vn 0.9851 0.1720 -0.0000
vn -0.3333 0.9364 0.1100
vn -0.4910 0.8712 -0.0000
vn -0.5237 0.8412 0.1347
vn -0.0476 0.9989 -0.0000
vn 0.4910 0.8711 -0.0000
vn 0.7378 0.6750 0.0000
vn 0.9208 -0.3901 -0.0000
vn 0.5237 -0.8412 -0.1347
vn -0.5237 -0.8412 0.1348
vn -0.5237 -0.8412 0.1347
vn -0.9207 -0.3902 0.0000
vn -0.9207 0.3902 0.0001
vn -0.9208 0.3901 0.0000
vn -0.5511 0.8345 -0.0000
vn 0.0158 0.9999 -0.0003
vn 0.0159 0.9999 0.0000
vn 0.0159 0.9999 -0.0004
vn -0.1720 0.9851 -0.0000
vn -0.4602 0.8729 -0.1619
vn -0.5510 0.8345 0.0000
vn 0.5237 0.8412 -0.1347
vn 0.2975 0.9547 0.0000
vn -0.0475 0.9989 -0.0000
vn 0.4910 0.8712 -0.0000
vn 0.5237 -0.8412 0.1347
vn -0.5237 -0.8412 -0.1347
vn -0.9207 0.3902 0.0000
vn -0.9208 0.3901 0.0001
vn 0.0158 0.9999 0.0000
vn -0.0159 0.9999 0.0000
vn 0.5237 0.8412 0.1347
vn 0.2976 0.9547 0.0000
vn -0.0159 0.3968 -0.9178
vn -0.0159 0.7459 -0.6658
vn -0.0159 0.2063 -0.9784
vn -0.0159 0.8729 -0.4876
vn -0.0159 -0.1746 -0.9845
vn -0.0159 0.0476 -0.9987
vn -0.0159 -0.8412 -0.5405
vn 0.0158 0.5237 0.8517
vn 0.0159 -0.8729 0.4876
vn 0.0159 0.5237 0.8517
vn -0.0158 0.0159 -0.9997
vn -0.3333 -0.0159 -0.9427
vn -0.3333 0.6190 -0.7112
vn -0.0158 0.6825 -0.7307
vn -0.3333 -0.6507 -0.6823
vn -0.3016 -0.9364 -0.1796
vn -0.3650 -0.6507 -0.6658
vn -0.3632 -0.9317 -0.0000
vn -0.0159 0.6825 -0.7307
vn -0.3632 0.9317 0.0000
vn -0.3968 0.8412 -0.3674
vn -0.6190 0.7777 -0.1099
vn 0.0159 -0.6825 -0.7308
vn 0.0159 0.8729 -0.4876
vn -0.0159 0.3968 0.9178
vn -0.0159 0.7459 0.6658
vn -0.0159 0.2063 0.9784
vn -0.0159 0.8729 0.4876
vn 0.0159 -0.1746 0.9845
vn -0.0159 0.0476 0.9987
vn -0.0159 -0.8412 0.5406
vn -0.0159 -0.8412 0.5405
vn 0.0159 -0.9681 -0.2499
vn 0.0159 -0.8729 -0.4876
vn 0.0159 0.5237 -0.8517
vn -0.0461 -0.2135 0.2962
vn -0.6190 -0.7459 0.2459
vn -0.0159 0.6824 0.7308
vn -0.3333 0.6190 0.7112
vn -0.3333 -0.0158 0.9427
vn -0.3333 -0.6507 0.6823
vn 0.0158 -0.9999 -0.0004
vn -0.3650 0.6507 0.6658
vn -0.3650 -0.6507 0.6658
vn -0.0159 0.6825 0.7307
vn -0.3968 0.8412 0.3674
vn 0.0159 -0.6825 0.7307
vn 0.0159 0.8729 0.4876
vn 0.0159 0.0476 -0.9987
vn 0.0476 -0.3333 -0.9416
vn -0.0159 -0.7459 -0.6658
vn -0.0476 -0.6825 -0.7294
vn 0.0793 0.0476 -0.9957
vn -0.0794 0.1746 -0.9814
vn -0.1428 0.3650 -0.9200
vn -0.1111 0.0476 -0.9927
vn -0.0794 -0.1746 -0.9814
vn -0.0475 -0.9989 0.0000
vn 0.0159 0.0476 0.9987
vn -0.0476 0.0476 0.9977
vn 0.0476 -0.3333 0.9416
vn -0.0159 -0.7459 0.6658
vn -0.0476 -0.6825 0.7294
vn 0.0794 0.0476 0.9957
vn -0.0793 0.1746 0.9814
vn -0.1428 0.3650 0.9200
vn -0.1111 0.0476 0.9927
vn -0.0793 -0.1746 0.9814
vn -0.0159 -0.0793 0.9967
vn -0.0476 -0.1428 0.9886
vn -0.8094 -0.0159 0.5870
vn -0.8094 0.1111 0.5766
vn -0.8412 0.2698 0.4687
vn -0.8729 0.3333 0.3563
vn -0.9046 0.3650 0.2199
vn 0.2684 0.9633 0.0000
vn 0.2685 0.9633 -0.0000
vn 0.2974 0.9548 0.0000
vn 0.9633 0.2685 -0.0000
vn 0.9939 -0.1104 -0.0000
vn 0.9900 -0.1414 0.0000
vn 0.7777 0.6189 0.1100
vn 0.7777 0.6190 0.1099
vn -0.6190 -0.3650 0.6954
vn -0.2063 -0.5872 0.7827
vn -0.4920 0.0159 0.8705
vn -0.6507 -0.6190 0.4398
vn -0.2698 -0.8094 0.5216
vn 0.4602 -0.5872 0.6658
vn 0.3333 -0.7777 0.5330
vn 0.7459 -0.3968 0.5349
vn 0.5872 -0.3333 0.7376
vn 0.4285 -0.1428 0.8922
vn 0.3968 -0.1111 0.9112
vn -0.4285 0.1428 0.8922
vn 0.1746 0.6824 0.7098
vn 0.1746 0.7142 0.6778
vn 0.2381 0.9364 -0.2579
vn 0.2380 0.9681 -0.0777
vn -0.1746 -0.6824 0.7098
vn -0.0794 -0.3333 0.9395
vn -0.0794 -0.2698 0.9596
vn -0.0794 -0.3016 0.9501
vn 0.2381 0.9681 -0.0777
vn -0.9548 0.2974 0.0000
vn 0.1746 0.6507 -0.7390
vn 0.1746 0.6824 -0.7098
vn -0.1746 -0.6507 -0.7390
vn -0.1428 -0.6190 -0.7723
vn -0.2380 -0.9681 -0.0778
vn -0.2380 -0.9681 -0.0777
vn -0.4910 -0.8712 -0.0000
vn 0.4910 -0.8711 0.0000
vn -0.1414 -0.9899 -0.0000
vn -0.6507 -0.7459 -0.1419
vn -0.9681 -0.1428 -0.2057
vn -0.7777 0.6190 -0.1100
vn -0.7777 0.6190 -0.1099
vn 0.6190 0.7777 0.1100
vn 0.1746 0.0159 -0.9845
vn 0.1428 0.0159 -0.9896
vn -0.8729 0.4602 -0.1618
vn -0.6190 0.7777 -0.1100
vn -0.6190 -0.7777 -0.1099
vn -0.7459 -0.6507 -0.1419
vn 0.7669 0.6417 -0.0000
vn -0.7459 -0.6507 -0.1420
vn -0.8729 -0.4603 -0.1619
vn 0.3632 -0.9317 -0.0000
vn 0.9633 -0.2685 0.0000
vn -0.0791 -0.9969 0.0000
vn -0.9681 -0.2381 -0.0777
vn -0.9681 -0.2381 0.0777
vn -0.5510 -0.8345 0.0000
vn 0.4603 -0.8729 -0.1619
vn 0.4910 -0.8712 -0.0000
vn 0.9364 -0.3016 0.1796
vn -0.0794 -0.0476 -0.9957
vn -0.0476 0.1111 -0.9927
vn -0.0476 0.1428 -0.9886
vn 0.0476 0.6190 -0.7840
vn -0.3333 0.5237 -0.7840
vn -0.4920 0.2063 -0.8458
vn -0.1111 0.0159 -0.9937
vn -0.5238 0.8412 -0.1346
vn 0.1105 0.9939 -0.0000
vn -0.9037 0.4281 0.0000
vn -0.4603 -0.8729 -0.1619
vn -0.4603 -0.8729 0.1618
vn -0.4603 -0.8729 0.1619
vn -0.0794 -0.0476 0.9957
vn -0.0476 0.1111 0.9927
vn -0.0476 0.1428 0.9886
vn 0.0476 0.6190 0.7840
vn -0.3333 0.5237 0.7840
vn -0.4920 0.2063 0.8458
vn -0.1111 0.0159 0.9937
vn -0.5237 0.8412 -0.1347
vn 0.1104 0.9939 0.0000
vn -0.1746 -0.3651 0.9145
vn -0.2063 -0.4920 0.8458
vn 0.0159 0.3016 0.9533
vn 0.0159 0.3650 0.9309
vn -0.3902 -0.9208 -0.0000
vn 0.0794 0.8094 0.5819
vn 0.0794 0.8094 0.5818
vn 0.9364 -0.1111 0.3329
vn 0.9681 0.0159 0.2499
vn 0.9633 -0.2684 0.0000
vn 0.9681 0.0794 0.2375
vn -0.1428 -0.3650 -0.9200
vn 0.0793 0.3333 -0.9395
vn 0.0476 0.3015 -0.9523
vn -0.2063 -0.4920 -0.8458
vn -0.3902 -0.9207 0.0000
vn 0.1111 0.8094 -0.5766
vn 0.9364 -0.1111 -0.3329
vn 0.9681 0.0159 -0.2499
vn 0.9681 0.0794 -0.2375
vn -0.9899 0.1414 0.0000
vn -0.0476 0.8094 0.5853
vn -0.0476 0.6825 0.7294
vn -0.0476 0.6824 0.7294
vn 0.0476 -0.9989 -0.0000
vn -0.0159 -0.1428 -0.9896
vn 0.4920 0.8412 -0.2244
vn -0.4910 0.8711 -0.0000
vn -0.4920 0.8412 0.2244
vn -0.4920 0.8412 -0.2245
vn -0.4910 -0.8711 0.0000
vn -0.4920 -0.8412 0.2245
vn -0.4920 -0.8412 -0.2245
vn 0.4920 -0.8412 0.2244
vn 0.4920 -0.8412 -0.2244
vn -0.4602 -0.6507 -0.6039
usemtl Preview_M1014_D
s 1
f 3/1/1 2/2/2 1/3/3
f 1/3/3 4/4/4 3/1/1
f 4/4/4 1/3/3 5/5/5
f 5/5/5 6/6/6 4/4/4
f 5/5/5 1/3/3 7/7/7
f 8/8/8 5/5/5 7/7/7
f 8/8/8 9/9/9 5/5/5
f 10/10/10 2/2/2 3/1/1
f 3/1/1 11/11/11 10/10/10
f 14/12/12 13/13/13 12/14/14
f 12/14/14 15/15/15 14/12/12
f 13/13/13 14/12/12 16/16/15
f 17/17/16 13/13/13 16/16/15
f 12/14/14 18/18/17 15/15/15
f 18/18/17 12/14/14 19/19/18
f 16/16/15 20/20/19 17/17/16
f 20/20/19 16/16/15 21/21/20
f 22/22/21 12/14/14 13/13/13
f 12/14/14 22/22/21 19/19/18
f 13/13/13 23/23/22 22/22/21
f 23/23/22 13/13/13 17/17/16
f 17/17/16 24/24/23 23/23/22
f 25/25/24 19/19/18 22/22/21
f 20/20/19 21/21/20 26/26/25
f 21/21/20 27/27/8 26/26/25
f 28/28/26 27/27/8 21/21/20
f 21/21/20 29/29/26 28/28/26
f 30/30/27 24/24/23 17/17/16
f 17/17/16 20/20/19 30/30/27
f 30/30/27 20/20/19 26/26/25
f 31/31/28 30/30/27 26/26/25
f 31/31/28 26/26/25 32/32/29
f 33/33/30 31/31/28 32/32/29
f 30/30/27 31/31/28 33/33/30
f 33/33/30 24/24/23 30/30/27
f 36/34/31 35/35/32 34/36/33
f 37/37/34 35/35/32 36/34/31
f 38/38/35 36/34/31 34/36/33
f 34/36/33 39/39/36 38/38/35
f 40/40/37 36/34/31 38/38/35
f 40/40/37 37/37/34 36/34/31
f 38/38/35 41/41/37 40/40/37
f 42/42/38 37/37/34 40/40/37
f 45/43/39 44/44/40 43/45/41
f 43/45/41 46/46/42 45/43/39
f 45/43/39 46/46/42 47/47/43
f 47/47/43 48/48/44 45/43/39
f 51/49/45 50/50/46 49/51/47
f 52/52/48 49/51/47 50/50/46
f 52/52/48 53/53/49 49/51/47
f 54/54/50 53/53/49 52/52/48
f 50/50/46 51/49/45 55/55/51
f 50/50/46 55/55/51 56/56/52
f 51/49/45 57/57/53 55/55/51
f 60/58/54 59/59/55 58/60/56
f 58/60/56 61/61/57 60/58/54
f 62/62/58 58/60/56 59/59/55
f 61/61/57 58/60/56 63/63/59
f 63/63/59 64/64/40 61/61/57
f 65/65/60 61/61/57 64/64/40
f 61/61/57 65/65/60 60/58/54
f 64/64/40 66/66/61 65/65/60
f 69/67/62 68/68/63 67/69/64
f 67/69/64 70/70/62 69/67/62
f 67/69/64 68/68/63 71/71/65
f 67/69/64 71/71/65 72/72/65
f 75/73/66 74/74/67 73/75/68
f 75/73/66 76/76/69 74/74/67
f 77/77/70 73/75/68 74/74/67
f 74/74/67 78/78/70 77/77/70
f 81/79/71 80/80/71 79/81/72
f 79/81/72 82/82/68 81/79/71
f 79/81/72 83/83/73 82/82/68
f 86/84/74 85/85/75 84/86/75
f 84/86/75 87/87/76 86/84/74
f 86/84/74 87/87/76 88/88/77
f 88/88/77 89/89/78 86/84/74
f 90/90/79 89/89/78 88/88/77
f 88/88/77 91/91/80 90/90/79
f 94/92/81 93/93/82 92/94/83
f 95/95/84 94/92/81 92/94/83
f 98/96/73 97/97/66 96/98/68
f 101/99/85 100/100/86 99/101/87
f 101/99/85 102/102/88 100/100/86
f 102/102/88 103/103/89 100/100/86
f 106/104/90 105/105/91 104/106/90
f 104/106/90 107/107/90 106/104/90
f 110/108/92 109/109/93 108/110/93
f 108/110/93 111/111/92 110/108/92
f 114/112/94 113/113/94 112/114/94
f 117/115/95 116/116/96 115/117/97
f 115/117/97 116/116/96 118/118/96
f 121/119/74 120/120/76 119/121/76
f 119/121/76 122/122/98 121/119/74
f 120/120/76 123/123/76 119/121/76
f 124/124/99 121/119/74 122/122/98
f 122/122/98 125/125/99 124/124/99
f 128/126/100 127/127/101 126/128/102
f 126/128/102 129/129/103 128/126/100
f 130/130/104 127/127/101 128/126/100
f 127/127/101 130/130/104 131/131/99
f 132/132/105 131/131/99 130/130/104
f 132/132/105 130/130/104 133/133/106
f 136/134/107 135/135/108 134/136/10
f 134/136/10 137/137/109 136/134/107
f 135/135/108 136/134/107 138/138/110
f 139/139/111 135/135/108 138/138/110
f 139/139/111 138/138/110 140/140/112
f 139/139/111 140/140/112 141/141/113
f 142/142/114 141/141/113 140/140/112
f 139/139/111 141/141/113 143/143/113
f 141/141/113 144/144/115 143/143/113
f 147/145/116 146/146/117 145/147/118
f 145/147/118 148/148/113 147/145/116
f 149/149/113 145/147/118 146/146/117
f 149/149/113 146/146/117 150/150/119
f 148/148/113 151/151/120 147/145/116
f 151/151/120 152/152/121 147/145/116
f 150/150/119 153/153/122 149/149/113
f 154/154/123 149/149/113 153/153/122
f 146/146/117 147/145/116 155/155/124
f 152/152/121 155/155/124 147/145/116
f 155/155/124 156/156/125 146/146/117
f 150/150/119 146/146/117 156/156/125
f 156/156/125 157/157/126 150/150/119
f 152/152/121 158/158/127 155/155/124
f 154/154/123 153/153/122 159/159/128
f 160/160/115 154/154/123 159/159/128
f 160/160/115 161/161/129 154/154/123
f 161/161/129 162/162/130 154/154/123
f 157/157/126 163/163/131 150/150/119
f 153/153/122 150/150/119 163/163/131
f 153/153/122 163/163/131 159/159/128
f 163/163/131 164/164/132 159/159/128
f 159/159/128 164/164/132 165/165/133
f 164/164/132 166/166/134 165/165/133
f 163/163/131 157/157/126 166/166/134
f 166/166/134 164/164/132 163/163/131
f 169/167/135 168/168/136 167/169/33
f 169/167/135 170/170/137 168/168/136
f 167/169/33 168/168/136 171/171/138
f 167/169/33 171/171/138 172/172/139
f 171/171/138 168/168/136 173/173/140
f 170/170/137 173/173/140 168/168/136
f 173/173/140 174/174/140 171/171/138
f 170/170/137 175/175/141 173/173/140
f 178/176/41 177/177/41 176/178/41
f 176/178/41 179/179/41 178/176/41
f 180/180/142 179/179/41 176/178/41
f 176/178/41 181/181/142 180/180/142
f 184/182/143 183/183/46 182/184/144
f 184/182/143 185/185/48 183/183/46
f 186/186/145 185/185/48 184/182/143
f 186/186/145 187/187/50 185/185/48
f 182/184/144 183/183/46 188/188/146
f 188/188/146 183/183/46 189/189/52
f 190/190/147 182/184/144 188/188/146
f 193/191/148 192/192/149 191/193/150
f 193/191/148 194/194/151 192/192/149
f 192/192/149 195/195/140 191/193/150
f 196/196/36 192/192/149 194/194/151
f 194/194/151 197/197/40 196/196/36
f 197/197/40 194/194/151 198/198/152
f 198/198/152 194/194/151 193/191/148
f 198/198/152 199/199/153 197/197/40
f 202/200/62 201/201/62 200/202/154
f 200/202/154 203/203/155 202/200/62
f 203/203/155 200/202/154 204/204/156
f 204/204/156 200/202/154 205/205/156
f 208/206/157 207/207/158 206/208/159
f 207/207/158 209/209/160 206/208/159
f 207/207/158 208/206/157 210/210/70
f 210/210/70 211/211/70 207/207/158
f 214/212/76 213/213/161 212/214/75
f 212/214/75 215/215/75 214/212/76
f 214/212/76 216/216/162 213/213/161
f 214/212/76 217/217/78 216/216/162
f 216/216/162 217/217/78 218/218/163
f 218/218/163 219/219/164 216/216/162
f 222/220/165 221/221/166 220/222/165
f 225/223/167 224/224/168 223/225/169
f 228/226/157 227/227/170 226/228/171
f 229/229/171 228/226/157 226/228/171
f 229/229/171 226/228/171 230/230/171
f 233/231/87 232/232/172 231/233/172
f 234/234/88 232/232/172 233/231/87
f 235/235/88 234/234/88 233/231/87
f 238/236/173 237/237/91 236/238/174
f 238/236/173 239/239/175 237/237/91
f 242/240/176 241/241/176 240/242/92
f 240/242/92 243/243/92 242/240/176
f 246/244/177 245/245/177 244/246/177
f 249/247/166 248/248/178 247/249/178
f 247/249/178 248/248/178 250/250/178
f 253/251/179 252/252/76 251/253/104
f 251/253/104 254/254/180 253/251/179
f 253/251/179 255/255/76 252/252/76
f 256/256/76 252/252/76 255/255/76
f 254/254/180 251/253/104 257/257/99
f 257/257/99 258/258/99 254/254/180
f 261/259/104 260/260/105 259/261/106
f 260/260/105 261/259/104 262/262/99
f 263/263/181 262/262/99 261/259/104
f 261/259/104 264/264/182 263/263/181
f 265/265/183 263/263/181 264/264/182
f 264/264/182 266/266/183 265/265/183
f 269/267/184 268/268/185 267/269/186
f 269/267/184 270/270/187 268/268/185
f 270/270/187 271/271/188 268/268/185
f 272/272/189 267/269/186 268/268/185
f 267/269/186 272/272/189 273/273/190
f 267/269/186 273/273/190 274/274/191
f 275/275/192 274/274/191 273/273/190
f 276/276/193 267/269/186 274/274/191
f 269/267/184 267/269/186 276/276/193
f 274/274/191 277/277/194 276/276/193
f 273/273/190 272/272/189 278/278/195
f 272/272/189 279/279/196 278/278/195
f 278/278/195 279/279/196 280/280/197
f 279/279/196 281/281/198 280/280/197
f 281/281/198 282/282/199 280/280/197
f 280/280/197 282/282/199 283/283/200
f 270/270/187 269/267/184 284/284/113
f 276/276/193 285/285/201 269/267/184
f 284/284/113 285/285/201 286/286/202
f 287/287/118 284/284/113 286/286/202
f 288/288/203 287/287/118 286/286/202
f 286/286/202 289/289/204 288/288/203
f 289/289/204 286/286/202 290/290/205
f 287/287/118 288/288/203 291/291/118
f 282/282/199 291/291/118 283/283/200
f 283/283/200 291/291/118 292/292/206
f 292/292/206 291/291/118 288/288/203
f 292/292/206 293/293/207 283/283/200
f 294/294/208 293/293/207 292/292/206
f 294/294/208 292/292/206 295/295/209
f 288/288/203 295/295/209 292/292/206
f 293/293/207 296/296/210 283/283/200
f 293/293/207 297/297/211 296/296/210
f 298/298/211 296/296/210 297/297/211
f 288/288/203 299/299/212 295/295/209
f 300/300/213 288/288/203 289/289/204
f 299/299/212 288/288/203 300/300/213
f 269/267/184 285/285/201 284/284/113
f 303/301/214 302/302/214 301/303/214
f 301/303/214 304/304/214 303/301/214
f 307/305/215 306/306/216 305/307/217
f 308/308/218 306/306/216 307/305/215
f 307/305/215 309/309/219 308/308/218
f 310/310/220 308/308/218 309/309/219
f 308/308/218 310/310/220 311/311/221
f 311/311/221 312/312/221 308/308/218
f 315/313/222 314/314/223 313/315/224
f 314/314/223 316/316/224 313/315/224
f 319/317/221 318/318/221 317/319/221
f 322/320/225 321/321/226 320/322/227
f 320/322/227 323/323/228 322/320/225
f 323/323/228 320/322/227 324/324/229
f 324/324/229 325/325/192 323/323/228
f 324/324/229 320/322/227 326/326/230
f 320/322/227 321/321/226 326/326/230
f 326/326/230 327/327/231 324/324/229
f 328/328/232 322/320/225 323/323/228
f 321/321/226 322/320/225 329/329/233
f 329/329/233 330/330/234 321/321/226
f 329/329/233 331/331/235 330/330/234
f 331/331/235 332/332/236 330/330/234
f 322/320/225 333/333/237 329/329/233
f 322/320/225 334/334/238 333/333/237
f 334/334/238 335/335/239 333/333/237
f 335/335/239 336/336/240 333/333/237
f 336/336/240 337/337/241 333/333/237
f 333/333/237 337/337/241 329/329/233
f 334/334/238 338/338/242 335/335/239
f 338/338/242 339/339/243 335/335/239
f 340/340/243 339/339/243 338/338/242
f 337/337/241 341/341/244 329/329/233
f 329/329/233 341/341/244 342/342/245
f 329/329/233 342/342/245 331/331/235
f 343/343/246 321/321/226 330/330/234
f 343/343/246 326/326/230 321/321/226
f 346/344/247 345/345/247 344/346/247
f 344/346/247 347/347/247 346/344/247
f 350/348/224 349/349/224 348/350/224
f 351/351/224 350/348/224 348/350/224
f 354/352/248 353/353/249 352/354/250
f 353/353/249 354/352/248 355/355/251
f 355/355/251 356/356/252 353/353/249
f 355/355/251 357/357/253 356/356/252
f 358/358/221 357/357/253 355/355/251
f 355/355/251 359/359/221 358/358/221
f 362/360/254 361/361/255 360/362/222
f 361/361/255 362/360/254 363/363/224
f 366/364/256 365/365/257 364/366/258
f 365/365/257 367/367/259 364/366/258
f 367/367/259 365/365/257 368/368/260
f 369/369/261 368/368/260 365/365/257
f 370/370/262 369/369/261 365/365/257
f 373/371/263 372/372/264 371/373/265
f 374/374/266 371/373/265 372/372/264
f 374/374/266 375/375/267 371/373/265
f 376/376/268 375/375/267 374/374/266
f 377/377/257 372/372/264 373/371/263
f 373/371/263 378/378/269 377/377/257
f 381/379/221 380/380/221 379/381/221
f 379/381/221 380/380/221 382/382/221
f 380/380/221 383/383/221 382/382/221
f 386/384/221 385/385/221 384/386/221
f 385/385/221 387/387/221 384/386/221
f 384/386/221 387/387/221 388/388/221
f 391/389/270 390/390/266 389/391/271
f 389/391/271 392/392/76 391/389/270
f 389/391/271 393/393/272 392/392/76
f 394/394/260 393/393/272 389/391/271
f 393/393/272 394/394/260 395/395/273
f 394/394/260 396/396/274 395/395/273
f 394/394/260 397/397/261 396/396/274
f 396/396/274 397/397/261 398/398/262
f 399/399/275 396/396/274 398/398/262
f 402/400/224 401/401/224 400/402/224
f 403/403/224 400/402/224 401/401/224
f 406/404/250 405/405/276 404/406/255
f 404/406/255 405/405/276 407/407/222
f 410/408/217 409/409/223 408/410/276
f 409/409/223 411/411/222 408/410/276
f 414/412/114 413/413/114 412/414/114
f 413/413/114 415/415/114 412/414/114
f 418/416/277 417/417/277 416/418/277
f 416/418/277 419/419/277 418/416/277
f 422/420/221 421/421/221 420/422/221
f 423/423/221 421/421/221 422/420/221
f 424/424/221 423/423/221 422/420/221
f 427/425/6 426/426/6 425/427/6
f 425/427/6 428/428/6 427/425/6
f 431/429/192 430/430/192 429/431/278
f 429/431/278 432/432/279 431/429/192
f 429/431/278 433/433/189 432/432/279
f 434/434/280 433/433/189 429/431/278
f 435/435/192 433/433/189 434/434/280
f 434/434/280 436/436/192 435/435/192
f 439/437/114 438/438/114 437/439/114
f 437/439/114 440/440/114 439/437/114
f 443/441/75 442/442/75 441/443/75
f 444/444/75 441/443/75 442/442/75
f 445/445/75 441/443/75 444/444/75
f 446/446/75 445/445/75 444/444/75
f 445/445/75 446/446/75 447/447/75
f 448/448/75 447/447/75 446/446/75
f 449/449/281 447/447/75 448/448/75
f 450/450/282 449/449/281 448/448/75
f 451/451/75 446/446/75 444/444/75
f 454/452/283 453/453/282 452/454/284
f 452/454/284 455/455/284 454/452/283
f 455/455/284 452/454/284 456/456/284
f 456/456/284 457/457/284 455/455/284
f 457/457/284 456/456/284 458/458/284
f 459/459/284 457/457/284 458/458/284
f 457/457/284 459/459/284 460/460/284
f 461/461/284 460/460/284 459/459/284
f 461/461/284 462/462/284 460/460/284
f 465/463/192 464/464/285 463/465/286
f 463/465/286 466/466/287 465/463/192
f 466/466/287 463/465/286 467/467/288
f 467/467/288 463/465/286 468/468/289
f 467/467/288 468/468/289 469/469/290
f 469/469/290 470/470/291 467/467/288
f 470/470/291 469/469/290 471/471/224
f 471/471/224 469/469/290 472/472/224
f 475/473/292 474/474/293 473/475/294
f 473/475/294 476/476/294 475/473/292
f 476/476/294 473/475/294 477/477/192
f 473/475/294 478/478/192 477/477/192
f 477/477/192 478/478/192 479/479/295
f 479/479/295 480/480/296 477/477/192
f 479/479/295 481/481/75 480/480/296
f 482/482/75 481/481/75 479/479/295
f 481/481/75 482/482/75 483/483/297
f 483/483/297 484/484/298 481/481/75
f 485/485/299 484/484/298 483/483/297
f 485/485/299 483/483/297 486/486/299
f 487/487/300 474/474/293 475/473/292
f 475/473/292 488/488/301 487/487/300
f 487/487/300 488/488/301 489/489/254
f 489/489/254 490/490/224 487/487/300
f 493/491/113 492/492/113 491/493/118
f 494/494/113 492/492/113 493/491/113
f 494/494/113 493/491/113 495/495/113
f 495/495/113 496/496/113 494/494/113
f 495/495/113 497/497/113 496/496/113
f 498/498/113 496/496/113 497/497/113
f 501/499/302 500/500/192 499/501/192
f 499/501/192 502/502/303 501/499/302
f 503/503/304 501/499/302 502/502/303
f 503/503/304 504/504/305 501/499/302
f 504/504/305 503/503/304 505/505/192
f 505/505/192 506/506/192 504/504/305
f 509/507/6 508/508/6 507/509/6
f 507/509/6 510/510/6 509/507/6
f 513/511/75 512/512/75 511/513/75
f 513/511/75 511/513/75 514/514/75
f 511/513/75 515/515/75 514/514/75
f 515/515/75 516/516/75 514/514/75
f 516/516/75 515/515/75 517/517/75
f 517/517/75 518/518/75 516/516/75
f 518/518/75 517/517/75 519/519/306
f 518/518/75 519/519/306 520/520/282
f 516/516/75 521/521/75 514/514/75
f 524/522/221 523/523/284 522/524/284
f 522/524/284 525/525/282 524/522/221
f 526/526/307 522/524/284 523/523/284
f 523/523/284 527/527/284 526/526/307
f 528/528/284 526/526/307 527/527/284
f 527/527/284 529/529/284 528/528/284
f 529/529/284 527/527/284 530/530/284
f 529/529/284 530/530/284 531/531/284
f 532/532/284 531/531/284 530/530/284
f 535/533/308 534/534/192 533/535/192
f 533/535/192 536/536/308 535/533/308
f 535/533/308 536/536/308 537/537/309
f 535/533/308 537/537/309 538/538/310
f 539/539/311 538/538/310 537/537/309
f 537/537/309 540/540/312 539/539/311
f 540/540/312 541/541/254 539/539/311
f 541/541/254 542/542/254 539/539/311
f 545/543/293 544/544/294 543/545/294
f 543/545/294 546/546/221 545/543/293
f 544/544/294 547/547/192 543/545/294
f 543/545/294 547/547/192 548/548/192
f 549/549/296 548/548/192 547/547/192
f 547/547/192 550/550/296 549/549/296
f 551/551/75 549/549/296 550/550/296
f 551/551/75 552/552/75 549/549/296
f 553/553/297 552/552/75 551/551/75
f 551/551/75 554/554/297 553/553/297
f 553/553/297 554/554/297 555/555/211
f 555/555/211 556/556/313 553/553/297
f 546/546/221 557/557/314 545/543/293
f 557/557/314 558/558/300 545/543/293
f 559/559/313 558/558/300 557/557/314
f 557/557/314 560/560/315 559/559/313
f 563/561/15 562/562/15 561/563/12
f 562/562/15 563/561/15 564/564/15
f 565/565/15 562/562/15 564/564/15
f 564/564/15 566/566/15 565/565/15
f 567/567/15 565/565/15 566/566/15
f 566/566/15 568/568/316 567/567/15
f 571/569/192 570/570/192 569/571/192
f 569/571/192 572/572/192 571/569/192
f 575/573/221 574/574/221 573/575/221
f 574/574/221 576/576/221 573/575/221
f 579/577/114 578/578/114 577/579/114
f 578/578/114 580/580/114 577/579/114
f 583/581/75 582/582/75 581/583/75
f 582/582/75 584/584/75 581/583/75
f 587/585/192 586/586/192 585/587/192
f 585/587/192 588/588/192 587/585/192
f 591/589/221 590/590/221 589/591/221
f 589/591/221 592/592/221 591/589/221
f 595/593/94 594/594/94 593/595/94
f 593/595/94 596/596/94 595/593/94
f 599/597/75 598/598/75 597/599/75
f 597/599/75 600/600/75 599/597/75
f 603/601/317 602/602/317 601/603/224
f 604/604/224 601/603/224 602/602/317
f 605/605/318 601/603/224 604/604/224
f 604/604/224 606/606/318 605/605/318
f 609/607/317 608/608/317 607/609/319
f 607/609/319 610/610/320 609/607/317
f 613/611/118 612/612/118 611/613/118
f 616/614/321 615/615/321 614/616/322
f 614/616/322 617/617/322 616/614/321
f 618/618/323 615/615/321 616/614/321
f 619/619/324 618/618/323 616/614/321
f 618/618/323 619/619/324 620/620/325
f 620/620/325 621/621/325 618/618/323
f 624/622/118 623/623/118 622/624/118
f 622/624/118 625/625/118 624/622/118
f 628/626/224 627/627/317 626/628/317
f 628/626/224 629/629/224 627/627/317
f 630/630/318 629/629/224 628/626/224
f 628/626/224 631/631/318 630/630/318
f 634/632/317 633/633/319 632/634/320
f 633/633/319 634/632/317 635/635/317
f 638/636/6 637/637/6 636/638/6
f 641/639/326 640/640/327 639/641/328
f 639/641/328 642/642/329 641/639/326
f 643/643/324 641/639/326 642/642/329
f 642/642/329 644/644/330 643/643/324
f 645/645/325 643/643/324 644/644/330
f 644/644/330 646/646/325 645/645/325
f 649/647/12 648/648/12 647/649/12
f 647/649/12 650/650/12 649/647/12
f 653/651/331 652/652/5 651/653/331
f 653/651/331 651/653/331 654/654/6
f 654/654/6 655/655/6 653/651/331
f 656/656/12 655/655/6 654/654/6
f 657/657/12 655/655/6 656/656/12
f 658/658/12 655/655/6 657/657/12
f 661/659/332 660/660/332 659/661/333
f 662/662/114 660/660/332 661/659/332
f 661/659/332 663/663/114 662/662/114
f 664/664/118 662/662/114 663/663/114
f 665/665/118 664/664/118 663/663/114
f 666/666/114 665/665/118 663/663/114
f 669/667/334 668/668/335 667/669/274
f 667/669/274 670/670/336 669/667/334
f 670/670/336 667/669/274 671/671/337
f 671/671/337 672/672/337 670/670/336
f 673/673/338 672/672/337 671/671/337
f 671/671/337 674/674/338 673/673/338
f 677/675/339 676/676/340 675/677/341
f 677/675/339 678/678/340 676/676/340
f 675/677/341 679/679/342 677/675/339
f 680/680/342 679/679/342 675/677/341
f 680/680/342 681/681/334 679/679/342
f 682/682/334 681/681/334 680/680/342
f 685/683/118 684/684/118 683/685/118
f 685/683/118 686/686/118 684/684/118
f 686/686/118 685/683/118 687/687/114
f 687/687/114 688/688/114 686/686/118
f 688/688/114 687/687/114 689/689/118
f 689/689/118 690/690/118 688/688/114
f 691/691/118 690/690/118 689/689/118
f 689/689/118 692/692/118 691/691/118
f 691/691/118 692/692/118 693/693/114
f 693/693/114 694/694/114 691/691/118
f 695/695/114 694/694/114 693/693/114
f 693/693/114 696/696/114 695/695/114
f 697/697/114 695/695/114 696/696/114
f 696/696/114 698/698/114 697/697/114
f 701/699/343 700/700/344 699/701/345
f 699/701/345 702/702/345 701/699/343
f 703/703/33 702/702/345 699/701/345
f 699/701/345 704/704/33 703/703/33
f 705/705/346 703/703/33 704/704/33
f 705/705/346 706/706/347 703/703/33
f 707/707/348 706/706/347 705/705/346
f 706/706/347 707/707/348 708/708/348
f 709/709/349 708/708/348 707/707/348
f 707/707/348 710/710/349 709/709/349
f 711/711/350 709/709/349 710/710/349
f 710/710/349 712/712/351 711/711/350
f 713/713/46 711/711/350 712/712/351
f 712/712/351 714/714/46 713/713/46
f 717/715/94 716/716/15 715/717/15
f 717/715/94 718/718/94 716/716/15
f 719/719/94 716/716/15 718/718/94
f 718/718/94 720/720/94 719/719/94
f 721/721/94 719/719/94 720/720/94
f 720/720/94 722/722/94 721/721/94
f 723/723/12 721/721/94 722/722/94
f 721/721/94 723/723/12 724/724/12
f 725/725/12 724/724/12 723/723/12
f 723/723/12 726/726/12 725/725/12
f 725/725/12 726/726/12 727/727/94
f 727/727/94 728/728/94 725/725/12
f 728/728/94 727/727/94 729/729/94
f 729/729/94 730/730/94 728/728/94
f 733/731/334 732/732/352 731/733/352
f 731/733/352 734/734/334 733/731/334
f 735/735/353 733/731/334 734/734/334
f 734/734/334 736/736/354 735/735/353
f 735/735/353 736/736/354 737/737/355
f 736/736/354 738/738/356 737/737/355
f 739/739/357 737/737/355 738/738/356
f 738/738/356 740/740/357 739/739/357
f 741/741/358 739/739/357 740/740/357
f 740/740/357 742/742/358 741/741/358
f 743/743/359 741/741/358 742/742/358
f 742/742/358 744/744/359 743/743/359
f 743/743/359 744/744/359 745/745/327
f 746/746/327 743/743/359 745/745/327
f 749/747/360 748/748/361 747/749/362
f 747/749/362 750/750/192 749/747/360
f 747/749/362 748/748/361 751/751/114
f 751/751/114 752/752/114 747/749/362
f 752/752/114 751/751/114 753/753/363
f 753/753/363 754/754/364 752/752/114
f 754/754/364 753/753/363 755/755/224
f 755/755/224 756/756/299 754/754/364
f 759/757/365 758/758/192 757/759/192
f 757/759/192 760/760/365 759/757/365
f 761/761/6 759/757/365 760/760/365
f 760/760/365 762/762/6 761/761/6
f 763/763/366 761/761/6 762/762/6
f 762/762/6 764/764/366 763/763/366
f 764/764/366 765/765/224 763/763/366
f 765/765/224 766/766/224 763/763/366
f 769/767/192 768/768/362 767/769/362
f 767/769/362 770/770/192 769/767/192
f 767/769/362 768/768/362 771/771/114
f 771/771/114 772/772/114 767/769/362
f 771/771/114 773/773/367 772/772/114
f 773/773/367 771/771/114 774/774/367
f 773/773/367 774/774/367 775/775/313
f 775/775/313 776/776/313 773/773/367
f 770/770/192 767/769/362 777/777/362
f 767/769/362 772/772/114 777/777/362
f 777/777/362 778/778/192 770/770/192
f 772/772/114 779/779/368 777/777/362
f 780/780/367 779/779/368 772/772/114
f 772/772/114 773/773/367 780/780/367
f 780/780/367 773/773/367 776/776/313
f 781/781/313 780/780/367 776/776/313
f 784/782/221 783/783/221 782/784/221
f 782/784/221 785/785/221 784/782/221
f 786/786/221 785/785/221 782/784/221
f 789/787/369 788/788/192 787/789/365
f 787/789/365 790/790/365 789/787/369
f 791/791/6 790/790/365 787/789/365
f 787/789/365 792/792/6 791/791/6
f 791/791/6 792/792/6 793/793/370
f 793/793/370 794/794/370 791/791/6
f 795/795/313 794/794/370 793/793/370
f 793/793/370 796/796/313 795/795/313
f 797/797/365 787/789/365 788/788/192
f 792/792/6 787/789/365 797/797/365
f 788/788/192 798/798/192 797/797/365
f 797/797/365 799/799/371 792/792/6
f 800/800/370 793/793/370 792/792/6
f 792/792/6 799/799/371 800/800/370
f 796/796/313 793/793/370 800/800/370
f 800/800/370 801/801/313 796/796/313
f 804/802/221 803/803/221 802/804/221
f 802/804/221 805/805/221 804/802/221
f 803/803/221 806/806/221 802/804/221
f 809/807/372 808/808/373 807/809/374
f 809/807/372 810/810/375 808/808/373
f 811/811/376 809/807/372 807/809/374
f 807/809/374 812/812/377 811/811/376
f 813/813/378 811/811/376 812/812/377
f 812/812/377 814/814/75 813/813/378
f 810/810/375 809/807/372 815/815/152
f 815/815/152 816/816/355 810/810/375
f 811/811/376 817/817/379 809/807/372
f 817/817/379 815/815/152 809/807/372
f 817/817/379 811/811/376 813/813/378
f 813/813/378 818/818/380 817/817/379
f 819/819/224 816/816/355 815/815/152
f 815/815/152 820/820/313 819/819/224
f 817/817/379 820/820/313 815/815/152
f 817/817/379 818/818/380 821/821/313
f 821/821/313 820/820/313 817/817/379
f 824/822/313 823/823/313 822/824/313
f 827/825/381 826/826/373 825/827/382
f 827/825/381 828/828/221 826/826/373
f 829/829/75 827/825/381 825/827/382
f 829/829/75 825/827/382 830/830/383
f 833/831/384 832/832/385 831/833/349
f 831/833/349 834/834/386 833/831/384
f 834/834/386 831/833/349 835/835/89
f 835/835/89 836/836/89 834/834/386
f 839/837/387 838/838/388 837/839/389
f 840/840/390 838/838/388 839/837/387
f 840/840/390 839/837/387 841/841/391
f 844/842/392 843/843/309 842/844/115
f 843/843/309 845/845/309 842/844/115
f 846/846/393 844/842/392 842/844/115
f 849/847/106 848/848/76 847/849/161
f 847/849/161 850/850/106 849/847/106
f 851/851/394 847/849/161 848/848/76
f 848/848/76 852/852/395 851/851/394
f 855/853/396 854/854/396 853/855/48
f 853/855/48 856/856/221 855/853/396
f 856/856/221 853/855/48 857/857/221
f 857/857/221 858/858/221 856/856/221
f 861/859/75 860/860/75 859/861/75
f 860/860/75 862/862/75 859/861/75
f 859/861/75 862/862/75 863/863/75
f 862/862/75 864/864/75 863/863/75
f 867/865/113 866/866/113 865/867/113
f 866/866/113 868/868/113 865/867/113
f 871/869/196 870/870/397 869/871/189
f 870/870/397 872/872/397 869/871/189
f 872/872/397 870/870/397 873/873/192
f 873/873/192 874/874/192 872/872/397
f 877/875/192 876/876/192 875/877/192
f 877/875/192 878/878/192 876/876/192
f 881/879/192 880/880/192 879/881/192
f 881/879/192 882/882/192 880/880/192
f 885/883/398 884/884/161 883/885/399
f 886/886/161 883/885/399 884/884/161
f 883/885/399 887/887/105 885/883/398
f 887/887/105 883/885/399 888/888/400
f 887/887/105 888/888/400 889/889/401
f 890/890/400 887/887/105 889/889/401
f 893/891/402 892/892/204 891/893/403
f 891/893/403 894/894/402 893/891/402
f 895/895/404 891/893/403 892/892/204
f 892/892/204 896/896/405 895/895/404
f 897/897/113 895/895/404 896/896/405
f 896/896/405 898/898/113 897/897/113
f 901/899/406 900/900/407 899/901/408
f 899/901/408 902/902/409 901/899/406
f 899/901/408 900/900/407 903/903/410
f 904/904/411 899/901/408 903/903/410
f 905/905/412 904/904/411 903/903/410
f 903/903/410 906/906/410 905/905/412
f 909/907/413 908/908/414 907/909/415
f 910/910/416 908/908/414 909/907/413
f 911/911/417 908/908/414 910/910/416
f 912/912/417 911/911/417 910/910/416
f 912/912/417 913/913/418 911/911/417
f 912/912/417 914/914/177 913/913/418
f 915/915/177 913/913/418 914/914/177
f 918/916/419 917/917/420 916/918/421
f 916/918/421 919/919/419 918/916/419
f 916/918/421 917/917/420 920/920/318
f 921/921/422 916/918/421 920/920/318
f 921/921/422 920/920/318 922/922/50
f 922/922/50 923/923/423 921/921/422
f 926/924/424 925/925/425 924/926/426
f 927/927/427 924/926/426 925/925/425
f 926/924/424 924/926/426 928/928/428
f 928/928/428 929/929/359 926/924/424
f 928/928/428 930/930/135 929/929/359
f 930/930/135 928/928/428 931/931/429
f 932/932/430 930/930/135 931/931/429
f 931/931/429 933/933/431 932/932/430
f 936/934/113 935/935/113 934/936/113
f 934/936/113 937/937/113 936/934/113
f 940/938/192 939/939/192 938/940/192
f 938/940/192 941/941/192 940/938/192
f 944/942/313 943/943/313 942/944/313
f 942/944/313 945/945/313 944/942/313
f 948/946/221 947/947/432 946/948/433
f 949/949/434 947/947/432 948/946/221
f 947/947/432 950/950/435 946/948/433
f 946/948/433 950/950/435 951/951/436
f 950/950/435 952/952/378 951/951/436
f 951/951/436 952/952/378 953/953/426
f 954/954/60 947/947/432 949/949/434
f 949/949/434 955/955/356 954/954/60
f 947/947/432 954/954/60 956/956/437
f 947/947/432 956/956/437 950/950/435
f 952/952/378 950/950/435 956/956/437
f 956/956/437 957/957/438 952/952/378
f 954/954/60 955/955/356 958/958/224
f 958/958/224 959/959/313 954/954/60
f 959/959/313 956/956/437 954/954/60
f 956/956/437 959/959/313 960/960/313
f 960/960/313 957/957/438 956/956/437
f 963/961/313 962/962/313 961/963/313
f 966/964/439 965/965/373 964/966/439
f 967/967/221 964/966/439 965/965/373
f 964/966/439 968/968/75 966/964/439
f 969/969/383 966/964/439 968/968/75
f 972/970/440 971/971/441 970/972/442
f 970/972/442 973/973/443 972/970/440
f 974/974/88 972/970/440 973/973/443
f 973/973/443 975/975/88 974/974/88
f 978/976/444 977/977/258 976/978/198
f 978/976/444 979/979/445 977/977/258
f 979/979/445 980/980/446 977/977/258
f 983/981/288 982/982/447 981/983/288
f 983/981/288 984/984/448 982/982/447
f 984/984/448 985/985/449 982/982/447
f 988/986/450 987/987/451 986/988/76
f 989/989/450 987/987/451 988/986/450
f 990/990/452 986/988/76 987/987/451
f 986/988/76 990/990/452 991/991/452
f 994/992/396 993/993/221 992/994/48
f 992/994/48 995/995/396 994/992/396
f 996/996/221 992/994/48 993/993/221
f 993/993/221 997/997/221 996/996/221
f 1000/998/75 999/999/75 998/1000/75
f 998/1000/75 1001/1001/75 1000/998/75
f 1001/1001/75 998/1000/75 1002/1002/75
f 1003/1003/75 1001/1001/75 1002/1002/75
f 1006/1004/15 1005/1005/15 1004/1006/15
f 1004/1006/15 1007/1007/15 1006/1004/15
f 1010/1008/453 1009/1009/454 1008/1010/454
f 1008/1010/454 1011/1011/453 1010/1008/453
f 1012/1012/192 1008/1010/454 1009/1009/454
f 1009/1009/454 1013/1013/192 1012/1012/192
f 1016/1014/192 1015/1015/192 1014/1016/192
f 1017/1017/192 1014/1016/192 1015/1015/192
f 1020/1018/192 1019/1019/192 1018/1020/192
f 1021/1021/192 1018/1020/192 1019/1019/192
f 1024/1022/455 1023/1023/456 1022/1024/457
f 1022/1024/457 1025/1025/451 1024/1022/455
f 1022/1024/457 1023/1023/456 1026/1026/105
f 1027/1027/458 1022/1024/457 1026/1026/105
f 1026/1026/105 1028/1028/459 1027/1027/458
f 1028/1028/459 1026/1026/105 1029/1029/401
f 1032/1030/460 1031/1031/235 1030/1032/461
f 1030/1032/461 1033/1033/461 1032/1030/460
f 1031/1031/235 1032/1030/460 1034/1034/97
f 1034/1034/97 1035/1035/84 1031/1031/235
f 1034/1034/97 1036/1036/15 1035/1035/84
f 1035/1035/84 1036/1036/15 1037/1037/15
f 1040/1038/462 1039/1039/462 1038/1040/462
f 1038/1040/462 1041/1041/406 1040/1038/462
f 1042/1042/410 1039/1039/462 1040/1038/462
f 1042/1042/410 1040/1038/462 1043/1043/410
f 1042/1042/410 1043/1043/410 1044/1044/410
f 1045/1045/463 1042/1042/410 1044/1044/410
f 1048/1046/464 1047/1047/465 1046/1048/466
f 1049/1049/467 1047/1047/465 1048/1046/464
f 1050/1050/468 1049/1049/467 1048/1046/464
f 1051/1051/468 1049/1049/467 1050/1050/468
f 1050/1050/468 1052/1052/95 1051/1051/468
f 1053/1053/15 1051/1051/468 1052/1052/95
f 1052/1052/95 1054/1054/15 1053/1053/15
f 1057/1055/469 1056/1056/420 1055/1057/470
f 1055/1057/470 1058/1058/419 1057/1055/469
f 1059/1059/318 1056/1056/420 1057/1055/469
f 1059/1059/318 1057/1055/469 1060/1060/422
f 1061/1061/471 1059/1059/318 1060/1060/422
f 1060/1060/422 1062/1062/50 1061/1061/471
f 1065/1063/472 1064/1064/424 1063/1065/75
f 1063/1065/75 1066/1066/473 1065/1063/472
f 1067/1067/474 1063/1065/75 1064/1064/424
f 1064/1064/424 1068/1068/359 1067/1067/474
f 1067/1067/474 1068/1068/359 1069/1069/32
f 1070/1070/429 1067/1067/474 1069/1069/32
f 1070/1070/429 1069/1069/32 1071/1071/430
f 1071/1071/430 1072/1072/431 1070/1070/429
f 1075/1073/15 1074/1074/15 1073/1075/15
f 1073/1075/15 1076/1076/15 1075/1073/15
f 1079/1077/192 1078/1078/192 1077/1079/192
f 1077/1079/192 1080/1080/192 1079/1077/192
f 1083/1081/313 1082/1082/313 1081/1083/313
f 1081/1083/313 1084/1084/313 1083/1081/313
f 1087/1085/192 1086/1086/192 1085/1087/192
f 1086/1086/192 1087/1085/192 1088/1088/192
f 1091/1089/284 1090/1090/284 1089/1091/284
f 1090/1090/284 1092/1092/284 1089/1091/284
f 1095/1093/94 1094/1094/94 1093/1095/94
f 1094/1094/94 1096/1096/94 1093/1095/94
f 1099/1097/475 1098/1098/475 1097/1099/475
f 1098/1098/475 1100/1100/475 1097/1099/475
f 1103/1101/118 1102/1102/118 1101/1103/118
f 1101/1103/118 1104/1104/118 1103/1101/118
f 1107/1105/94 1106/1106/476 1105/1107/287
f 1105/1107/287 1108/1108/94 1107/1105/94
f 1109/1109/285 1105/1107/287 1106/1106/476
f 1106/1106/476 1110/1110/192 1109/1109/285
f 1113/1111/285 1112/1112/285 1111/1113/362
f 1111/1113/362 1114/1114/308 1113/1111/285
f 1114/1114/308 1111/1113/362 1115/1115/177
f 1115/1115/177 1116/1116/177 1114/1114/308
f 1119/1117/477 1118/1118/477 1117/1119/292
f 1117/1119/292 1120/1120/221 1119/1117/477
f 1121/1121/478 1118/1118/477 1119/1117/477
f 1124/1122/75 1123/1123/75 1122/1124/75
f 1122/1124/75 1125/1125/75 1124/1122/75
f 1126/1126/75 1124/1122/75 1125/1125/75
f 1129/1127/239 1128/1128/479 1127/1129/94
f 1129/1127/239 1130/1130/370 1128/1128/479
f 1131/1131/313 1130/1130/370 1129/1127/239
f 1131/1131/313 1132/1132/313 1130/1130/370
f 1135/1133/480 1134/1134/313 1133/1135/313
f 1133/1135/313 1136/1136/207 1135/1133/480
f 1137/1137/481 1135/1133/480 1136/1136/207
f 1136/1136/207 1138/1138/177 1137/1137/481
f 1141/1139/482 1140/1140/292 1139/1141/292
f 1139/1141/292 1142/1142/482 1141/1139/482
f 1142/1142/482 1143/1143/483 1141/1139/482
f 1146/1144/75 1145/1145/75 1144/1146/75
f 1145/1145/75 1147/1147/75 1144/1146/75
f 1145/1145/75 1148/1148/75 1147/1147/75
f 1151/1149/192 1150/1150/192 1149/1151/192
f 1152/1152/192 1150/1150/192 1151/1149/192
f 1155/1153/221 1154/1154/221 1153/1155/221
f 1156/1156/221 1154/1154/221 1155/1153/221
f 1159/1157/484 1158/1158/484 1157/1159/484
f 1158/1158/484 1160/1160/484 1157/1159/484
f 1163/1161/75 1162/1162/75 1161/1163/75
f 1164/1164/75 1163/1161/75 1161/1163/75
f 1167/1165/485 1166/1166/486 1165/1167/485
f 1166/1166/486 1168/1168/486 1165/1167/485
f 1168/1168/486 1166/1166/486 1169/1169/487
f 1169/1169/487 1170/1170/487 1168/1168/486
f 1173/1171/192 1172/1172/192 1171/1173/192
f 1174/1174/192 1172/1172/192 1173/1171/192
f 1177/1175/221 1176/1176/221 1175/1177/221
f 1178/1178/221 1176/1176/221 1177/1175/221
f 1181/1179/484 1180/1180/484 1179/1181/484
f 1180/1180/484 1182/1182/484 1179/1181/484
f 1185/1183/75 1184/1184/75 1183/1185/75
f 1186/1186/75 1185/1183/75 1183/1185/75
f 1189/1187/485 1188/1188/486 1187/1189/485
f 1188/1188/486 1190/1190/486 1187/1189/485
f 1190/1190/486 1188/1188/486 1191/1191/487
f 1191/1191/487 1192/1192/487 1190/1190/486
f 1195/1193/192 1194/1194/192 1193/1195/192
f 1196/1196/192 1194/1194/192 1195/1193/192
f 1199/1197/221 1198/1198/221 1197/1199/221
f 1200/1200/221 1198/1198/221 1199/1197/221
f 1203/1201/484 1202/1202/484 1201/1203/484
f 1202/1202/484 1204/1204/484 1201/1203/484
f 1207/1205/75 1206/1206/75 1205/1207/75
f 1208/1208/75 1207/1205/75 1205/1207/75
f 1211/1209/485 1210/1210/488 1209/1211/485
f 1210/1210/488 1212/1212/488 1209/1211/485
f 1212/1212/488 1210/1210/488 1213/1213/487
f 1213/1213/487 1210/1210/488 1214/1214/487
f 1217/1215/192 1216/1216/192 1215/1217/192
f 1218/1218/192 1216/1216/192 1217/1215/192
f 1221/1219/284 1220/1220/284 1219/1221/284
f 1222/1222/284 1220/1220/284 1221/1219/284
f 1225/1223/489 1224/1224/489 1223/1225/489
f 1224/1224/489 1226/1226/489 1223/1225/489
f 1229/1227/75 1228/1228/75 1227/1229/75
f 1230/1230/75 1229/1227/75 1227/1229/75
f 1233/1231/485 1232/1232/488 1231/1233/485
f 1232/1232/488 1234/1234/488 1231/1233/485
f 1234/1234/488 1232/1232/488 1235/1235/487
f 1235/1235/487 1232/1232/488 1236/1236/487
f 1239/1237/192 1238/1238/192 1237/1239/192
f 1240/1240/192 1238/1238/192 1239/1237/192
f 1243/1241/221 1242/1242/221 1241/1243/221
f 1244/1244/221 1242/1242/221 1243/1241/221
f 1247/1245/489 1246/1246/489 1245/1247/489
f 1246/1246/489 1248/1248/489 1245/1247/489
f 1251/1249/75 1250/1250/75 1249/1251/75
f 1252/1252/75 1251/1249/75 1249/1251/75
f 1255/1253/485 1254/1254/488 1253/1255/485
f 1254/1254/488 1256/1256/488 1253/1255/485
f 1256/1256/488 1254/1254/488 1257/1257/487
f 1257/1257/487 1254/1254/488 1258/1258/487
f 1261/1259/192 1260/1260/192 1259/1261/192
f 1259/1261/192 1262/1262/192 1261/1259/192
f 1265/1263/221 1264/1264/221 1263/1265/221
f 1266/1266/221 1264/1264/221 1265/1263/221
f 1269/1267/489 1268/1268/489 1267/1269/489
f 1268/1268/489 1270/1270/489 1267/1269/489
f 1273/1271/75 1272/1272/75 1271/1273/75
f 1274/1274/75 1273/1271/75 1271/1273/75
f 1277/1275/485 1276/1276/488 1275/1277/485
f 1276/1276/488 1278/1278/488 1275/1277/485
f 1278/1278/488 1276/1276/488 1279/1279/487
f 1279/1279/487 1276/1276/488 1280/1280/487
f 1283/1281/192 1282/1282/192 1281/1283/192
f 1284/1284/192 1282/1282/192 1283/1281/192
f 1287/1285/221 1286/1286/221 1285/1287/221
f 1288/1288/221 1286/1286/221 1287/1285/221
f 1291/1289/489 1290/1290/489 1289/1291/489
f 1290/1290/489 1292/1292/489 1289/1291/489
f 1295/1293/75 1294/1294/75 1293/1295/75
f 1296/1296/75 1295/1293/75 1293/1295/75
f 1299/1297/485 1298/1298/488 1297/1299/485
f 1298/1298/488 1300/1300/488 1297/1299/485
f 1300/1300/488 1298/1298/488 1301/1301/490
f 1301/1301/490 1298/1298/488 1302/1302/490
f 1305/1303/192 1304/1304/192 1303/1305/192
f 1306/1306/192 1304/1304/192 1305/1303/192
f 1309/1307/221 1308/1308/221 1307/1309/221
f 1310/1310/221 1308/1308/221 1309/1307/221
f 1313/1311/489 1312/1312/489 1311/1313/489
f 1312/1312/489 1314/1314/489 1311/1313/489
f 1317/1315/75 1316/1316/75 1315/1317/75
f 1318/1318/75 1317/1315/75 1315/1317/75
f 1321/1319/485 1320/1320/488 1319/1321/485
f 1320/1320/488 1322/1322/488 1319/1321/485
f 1322/1322/488 1320/1320/488 1323/1323/487
f 1323/1323/487 1320/1320/488 1324/1324/487
f 1327/1325/192 1326/1326/192 1325/1327/192
f 1328/1328/192 1326/1326/192 1327/1325/192
f 1331/1329/221 1330/1330/221 1329/1331/221
f 1332/1332/221 1330/1330/221 1331/1329/221
f 1335/1333/489 1334/1334/489 1333/1335/489
f 1334/1334/489 1336/1336/489 1333/1335/489
f 1339/1337/75 1338/1338/75 1337/1339/75
f 1340/1340/75 1339/1337/75 1337/1339/75
f 1343/1341/485 1342/1342/488 1341/1343/485
f 1342/1342/488 1344/1344/488 1341/1343/485
f 1344/1344/488 1342/1342/488 1345/1345/490
f 1345/1345/490 1342/1342/488 1346/1346/490
f 1349/1347/192 1348/1348/192 1347/1349/192
f 1350/1350/192 1348/1348/192 1349/1347/192
f 1353/1351/221 1352/1352/221 1351/1353/221
f 1354/1354/221 1352/1352/221 1353/1351/221
f 1357/1355/489 1356/1356/489 1355/1357/489
f 1355/1357/489 1358/1358/489 1357/1355/489
f 1361/1359/75 1360/1360/75 1359/1361/75
f 1362/1362/75 1361/1359/75 1359/1361/75
f 1365/1363/488 1364/1364/485 1363/1365/485
f 1363/1365/485 1366/1366/488 1365/1363/488
f 1365/1363/488 1366/1366/488 1367/1367/487
f 1367/1367/487 1368/1368/490 1365/1363/488
f 1371/1369/192 1370/1370/192 1369/1371/192
f 1369/1371/192 1372/1372/192 1371/1369/192
f 1375/1373/221 1374/1374/221 1373/1375/221
f 1376/1376/221 1374/1374/221 1375/1373/221
f 1379/1377/489 1378/1378/489 1377/1379/489
f 1378/1378/489 1380/1380/489 1377/1379/489
f 1383/1381/75 1382/1382/75 1381/1383/75
f 1384/1384/75 1383/1381/75 1381/1383/75
f 1387/1385/485 1386/1386/488 1385/1387/485
f 1386/1386/488 1388/1388/488 1385/1387/485
f 1388/1388/488 1386/1386/488 1389/1389/487
f 1389/1389/487 1386/1386/488 1390/1390/487
f 1393/1391/192 1392/1392/192 1391/1393/192
f 1391/1393/192 1394/1394/192 1393/1391/192
f 1397/1395/221 1396/1396/221 1395/1397/221
f 1398/1398/221 1396/1396/221 1397/1395/221
f 1401/1399/489 1400/1400/489 1399/1401/489
f 1400/1400/489 1402/1402/489 1399/1401/489
f 1405/1403/75 1404/1404/75 1403/1405/75
f 1406/1406/75 1405/1403/75 1403/1405/75
f 1409/1407/491 1408/1408/492 1407/1409/491
f 1408/1408/492 1410/1410/492 1407/1409/491
f 1410/1410/492 1408/1408/492 1411/1411/490
f 1411/1411/490 1408/1408/492 1412/1412/487
f 1415/1413/192 1414/1414/192 1413/1415/192
f 1413/1415/192 1416/1416/192 1415/1413/192
f 1419/1417/221 1418/1418/221 1417/1419/221
f 1420/1420/221 1418/1418/221 1419/1417/221
f 1423/1421/489 1422/1422/489 1421/1423/489
f 1422/1422/489 1424/1424/489 1421/1423/489
f 1427/1425/75 1426/1426/75 1425/1427/75
f 1428/1428/75 1427/1425/75 1425/1427/75
f 1431/1429/485 1430/1430/492 1429/1431/485
f 1430/1430/492 1432/1432/492 1429/1431/485
f 1432/1432/492 1430/1430/492 1433/1433/487
f 1433/1433/487 1430/1430/492 1434/1434/487
f 1437/1435/192 1436/1436/192 1435/1437/192
f 1435/1437/192 1438/1438/192 1437/1435/192
f 1441/1439/221 1440/1440/221 1439/1441/221
f 1442/1442/221 1440/1440/221 1441/1439/221
f 1445/1443/489 1444/1444/489 1443/1445/489
f 1444/1444/489 1446/1446/489 1443/1445/489
f 1449/1447/75 1448/1448/75 1447/1449/75
f 1450/1450/75 1449/1447/75 1447/1449/75
f 1453/1451/491 1452/1452/492 1451/1453/491
f 1452/1452/492 1454/1454/492 1451/1453/491
f 1454/1454/492 1452/1452/492 1455/1455/487
f 1455/1455/487 1452/1452/492 1456/1456/490
f 1459/1457/192 1458/1458/192 1457/1459/192
f 1458/1458/192 1460/1460/192 1457/1459/192
f 1463/1461/221 1462/1462/221 1461/1463/221
f 1464/1464/221 1462/1462/221 1463/1461/221
f 1467/1465/485 1466/1466/485 1465/1467/485
f 1465/1467/485 1468/1468/485 1467/1465/485
f 1471/1469/75 1470/1470/75 1469/1471/75
f 1471/1469/75 1472/1472/75 1470/1470/75
f 1475/1473/493 1474/1474/489 1473/1475/489
f 1473/1475/489 1476/1476/493 1475/1473/493
f 1477/1477/243 1475/1473/493 1476/1476/493
f 1476/1476/493 1478/1478/243 1477/1477/243
f 1481/1479/192 1480/1480/192 1479/1481/192
f 1479/1481/192 1482/1482/192 1481/1479/192
f 1485/1483/221 1484/1484/221 1483/1485/221
f 1486/1486/221 1484/1484/221 1485/1483/221
f 1489/1487/485 1488/1488/485 1487/1489/485
f 1487/1489/485 1490/1490/485 1489/1487/485
f 1493/1491/75 1492/1492/75 1491/1493/75
f 1493/1491/75 1494/1494/75 1492/1492/75
f 1497/1495/494 1496/1496/484 1495/1497/484
f 1495/1497/484 1498/1498/494 1497/1495/494
f 1498/1498/494 1499/1499/243 1497/1495/494
f 1499/1499/243 1500/1500/243 1497/1495/494
f 1503/1501/192 1502/1502/192 1501/1503/192
f 1501/1503/192 1504/1504/192 1503/1501/192
f 1507/1505/221 1506/1506/221 1505/1507/221
f 1508/1508/221 1506/1506/221 1507/1505/221
f 1511/1509/485 1510/1510/485 1509/1511/485
f 1509/1511/485 1512/1512/485 1511/1509/485
f 1515/1513/75 1514/1514/75 1513/1515/75
f 1515/1513/75 1516/1516/75 1514/1514/75
f 1519/1517/494 1518/1518/484 1517/1519/484
f 1517/1519/484 1520/1520/494 1519/1517/494
f 1520/1520/494 1521/1521/495 1519/1517/494
f 1521/1521/495 1522/1522/495 1519/1517/494
f 1525/1523/192 1524/1524/192 1523/1525/192
f 1523/1525/192 1526/1526/192 1525/1523/192
f 1529/1527/284 1528/1528/284 1527/1529/284
f 1530/1530/284 1528/1528/284 1529/1527/284
f 1533/1531/491 1532/1532/491 1531/1533/491
f 1531/1533/491 1534/1534/491 1533/1531/491
f 1537/1535/75 1536/1536/75 1535/1537/75
f 1537/1535/75 1538/1538/75 1536/1536/75
f 1541/1539/494 1540/1540/484 1539/1541/484
f 1539/1541/484 1542/1542/494 1541/1539/494
f 1542/1542/494 1543/1543/243 1541/1539/494
f 1543/1543/243 1544/1544/243 1541/1539/494
f 1547/1545/192 1546/1546/192 1545/1547/192
f 1546/1546/192 1548/1548/192 1545/1547/192
f 1551/1549/221 1550/1550/221 1549/1551/221
f 1552/1552/221 1550/1550/221 1551/1549/221
f 1555/1553/485 1554/1554/485 1553/1555/485
f 1553/1555/485 1556/1556/485 1555/1553/485
f 1559/1557/75 1558/1558/75 1557/1559/75
f 1559/1557/75 1560/1560/75 1558/1558/75
f 1563/1561/493 1562/1562/489 1561/1563/489
f 1561/1563/489 1564/1564/493 1563/1561/493
f 1565/1565/243 1563/1561/493 1564/1564/493
f 1564/1564/493 1566/1566/243 1565/1565/243
f 1569/1567/192 1568/1568/192 1567/1569/192
f 1567/1569/192 1570/1570/192 1569/1567/192
f 1573/1571/221 1572/1572/221 1571/1573/221
f 1574/1574/221 1572/1572/221 1573/1571/221
f 1577/1575/485 1576/1576/485 1575/1577/485
f 1575/1577/485 1578/1578/485 1577/1575/485
f 1581/1579/75 1580/1580/75 1579/1581/75
f 1581/1579/75 1582/1582/75 1580/1580/75
f 1585/1583/496 1584/1584/489 1583/1585/489
f 1583/1585/489 1586/1586/496 1585/1583/496
f 1586/1586/496 1587/1587/243 1585/1583/496
f 1587/1587/243 1588/1588/243 1585/1583/496
f 1591/1589/192 1590/1590/192 1589/1591/192
f 1589/1591/192 1592/1592/192 1591/1589/192
f 1595/1593/221 1594/1594/221 1593/1595/221
f 1596/1596/221 1594/1594/221 1595/1593/221
f 1599/1597/485 1598/1598/485 1597/1599/485
f 1597/1599/485 1600/1600/485 1599/1597/485
f 1603/1601/75 1602/1602/75 1601/1603/75
f 1603/1601/75 1604/1604/75 1602/1602/75
f 1607/1605/494 1606/1606/484 1605/1607/484
f 1605/1607/484 1608/1608/494 1607/1605/494
f 1608/1608/494 1609/1609/497 1607/1605/494
f 1609/1609/497 1610/1610/497 1607/1605/494
f 1613/1611/192 1612/1612/192 1611/1613/192
f 1612/1612/192 1614/1614/192 1611/1613/192
f 1617/1615/221 1616/1616/221 1615/1617/221
f 1618/1618/221 1616/1616/221 1617/1615/221
f 1621/1619/485 1620/1620/485 1619/1621/485
f 1619/1621/485 1622/1622/485 1621/1619/485
f 1625/1623/75 1624/1624/75 1623/1625/75
f 1625/1623/75 1626/1626/75 1624/1624/75
f 1629/1627/496 1628/1628/489 1627/1629/489
f 1627/1629/489 1630/1630/496 1629/1627/496
f 1630/1630/496 1631/1631/243 1629/1627/496
f 1631/1631/243 1632/1632/243 1629/1627/496
f 1635/1633/192 1634/1634/192 1633/1635/192
f 1633/1635/192 1636/1636/192 1635/1633/192
f 1639/1637/221 1638/1638/221 1637/1639/221
f 1640/1640/221 1638/1638/221 1639/1637/221
f 1643/1641/485 1642/1642/485 1641/1643/485
f 1641/1643/485 1644/1644/485 1643/1641/485
f 1647/1645/75 1646/1646/75 1645/1647/75
f 1647/1645/75 1648/1648/75 1646/1646/75
f 1651/1649/494 1650/1650/484 1649/1651/484
f 1649/1651/484 1652/1652/494 1651/1649/494
f 1652/1652/494 1653/1653/497 1651/1649/494
f 1653/1653/497 1654/1654/497 1651/1649/494
f 1657/1655/192 1656/1656/192 1655/1657/192
f 1655/1657/192 1658/1658/192 1657/1655/192
f 1661/1659/221 1660/1660/221 1659/1661/221
f 1662/1662/221 1660/1660/221 1661/1659/221
f 1665/1663/485 1664/1664/485 1663/1665/485
f 1663/1665/485 1666/1666/485 1665/1663/485
f 1669/1667/75 1668/1668/75 1667/1669/75
f 1669/1667/75 1670/1670/75 1668/1668/75
f 1673/1671/494 1672/1672/484 1671/1673/484
f 1671/1673/484 1674/1674/494 1673/1671/494
f 1674/1674/494 1675/1675/498 1673/1671/494
f 1675/1675/498 1676/1676/243 1673/1671/494
f 1679/1677/192 1678/1678/192 1677/1679/192
f 1677/1679/192 1680/1680/192 1679/1677/192
f 1683/1681/221 1682/1682/221 1681/1683/221
f 1684/1684/221 1682/1682/221 1683/1681/221
f 1687/1685/485 1686/1686/485 1685/1687/485
f 1685/1687/485 1688/1688/485 1687/1685/485
f 1691/1689/75 1690/1690/75 1689/1691/75
f 1691/1689/75 1692/1692/75 1690/1690/75
f 1695/1693/494 1694/1694/484 1693/1695/484
f 1693/1695/484 1696/1696/494 1695/1693/494
f 1696/1696/494 1697/1697/243 1695/1693/494
f 1697/1697/243 1698/1698/243 1695/1693/494
f 1701/1699/192 1700/1700/192 1699/1701/192
f 1699/1701/192 1702/1702/192 1701/1699/192
f 1705/1703/221 1704/1704/221 1703/1705/221
f 1706/1706/221 1704/1704/221 1705/1703/221
f 1709/1707/485 1708/1708/485 1707/1709/485
f 1707/1709/485 1710/1710/485 1709/1707/485
f 1713/1711/75 1712/1712/75 1711/1713/75
f 1713/1711/75 1714/1714/75 1712/1712/75
f 1717/1715/496 1716/1716/489 1715/1717/489
f 1715/1717/489 1718/1718/496 1717/1715/496
f 1718/1718/496 1719/1719/498 1717/1715/496
f 1719/1719/498 1720/1720/243 1717/1715/496
f 1723/1721/192 1722/1722/192 1721/1723/192
f 1721/1723/192 1724/1724/192 1723/1721/192
f 1727/1725/221 1726/1726/221 1725/1727/221
f 1728/1728/221 1726/1726/221 1727/1725/221
f 1731/1729/485 1730/1730/485 1729/1731/485
f 1729/1731/485 1732/1732/485 1731/1729/485
f 1735/1733/75 1734/1734/75 1733/1735/75
f 1735/1733/75 1736/1736/75 1734/1734/75
f 1739/1737/494 1738/1738/484 1737/1739/484
f 1737/1739/484 1740/1740/494 1739/1737/494
f 1740/1740/494 1741/1741/243 1739/1737/494
f 1741/1741/243 1742/1742/243 1739/1737/494
f 1745/1743/192 1744/1744/192 1743/1745/192
f 1743/1745/192 1746/1746/192 1745/1743/192
f 1749/1747/221 1748/1748/221 1747/1749/221
f 1750/1750/221 1748/1748/221 1749/1747/221
f 1753/1751/485 1752/1752/485 1751/1753/485
f 1751/1753/485 1754/1754/485 1753/1751/485
f 1757/1755/75 1756/1756/75 1755/1757/75
f 1757/1755/75 1758/1758/75 1756/1756/75
f 1761/1759/449 1760/1760/484 1759/1761/484
f 1759/1761/484 1762/1762/499 1761/1759/449
f 1765/1763/449 1764/1764/495 1763/1765/494
f 1764/1764/495 1766/1766/497 1763/1765/494
f 1769/1767/500 1768/1768/501 1767/1769/502
f 1767/1769/502 1770/1770/503 1769/1767/500
f 1771/1771/177 1770/1770/503 1767/1769/502
f 1771/1771/177 1767/1769/502 1772/1772/114
f 1773/1773/504 1771/1771/177 1772/1772/114
f 1773/1773/504 1772/1772/114 1774/1774/505
f 1773/1773/504 1774/1774/505 1775/1775/506
f 1775/1775/506 1776/1776/506 1773/1773/504
f 1779/1777/507 1778/1778/501 1777/1779/508
f 1777/1779/508 1780/1780/507 1779/1777/507
f 1780/1780/507 1781/1781/509 1779/1777/507
f 1782/1782/6 1779/1777/507 1781/1781/509
f 1781/1781/509 1783/1783/510 1782/1782/6
f 1784/1784/510 1782/1782/6 1783/1783/510
f 1785/1785/511 1784/1784/510 1783/1783/510
f 1783/1783/510 1786/1786/506 1785/1785/511
f 1789/1787/512 1788/1788/512 1787/1789/512
f 1789/1787/512 1787/1789/512 1790/1790/512
f 1791/1791/512 1790/1790/512 1787/1789/512
f 1792/1792/512 1791/1791/512 1787/1789/512
f 1791/1791/512 1792/1792/512 1793/1793/512
f 1793/1793/512 1794/1794/512 1791/1791/512
f 1790/1790/512 1795/1795/512 1789/1787/512
f 1789/1787/512 1795/1795/512 1796/1796/512
f 1799/1797/513 1798/1798/513 1797/1799/513
f 1798/1798/513 1799/1797/513 1800/1800/513
f 1798/1798/513 1800/1800/513 1801/1801/513
f 1798/1798/513 1801/1801/513 1802/1802/513
f 1803/1803/513 1802/1802/513 1801/1801/513
f 1801/1801/513 1804/1804/513 1803/1803/513
f 1799/1797/513 1805/1805/513 1800/1800/513
f 1806/1806/513 1805/1805/513 1799/1797/513
f 1809/1807/514 1808/1808/515 1807/1809/516
f 1808/1808/515 1810/1810/516 1807/1809/516
f 1807/1809/516 1810/1810/516 1811/1811/517
f 1811/1811/517 1812/1812/517 1807/1809/516
f 1812/1812/517 1811/1811/517 1813/1813/325
f 1813/1813/325 1814/1814/325 1812/1812/517
f 1808/1808/515 1809/1807/514 1815/1815/518
f 1815/1815/518 1816/1816/518 1808/1808/515
f 1817/1817/475 1816/1816/518 1815/1815/518
f 1818/1818/475 1817/1817/475 1815/1815/518
f 1821/1819/519 1820/1820/519 1819/1821/520
f 1819/1821/520 1822/1822/520 1821/1819/519
f 1820/1820/519 1821/1819/519 1823/1823/325
f 1823/1823/325 1824/1824/325 1820/1820/519
f 1822/1822/520 1819/1821/520 1825/1825/475
f 1825/1825/475 1826/1826/475 1822/1822/520
f 1829/1827/512 1828/1828/512 1827/1829/512
f 1827/1829/512 1830/1830/512 1829/1827/512
f 1830/1830/512 1827/1829/512 1831/1831/512
f 1830/1830/512 1831/1831/512 1832/1832/512
f 1833/1833/512 1832/1832/512 1831/1831/512
f 1831/1831/512 1834/1834/512 1833/1833/512
f 1828/1828/512 1829/1827/512 1835/1835/512
f 1836/1836/512 1829/1827/512 1830/1830/512
f 1839/1837/513 1838/1838/513 1837/1839/513
f 1839/1837/513 1837/1839/513 1840/1840/513
f 1840/1840/513 1837/1839/513 1841/1841/513
f 1842/1842/513 1841/1841/513 1837/1839/513
f 1843/1843/513 1841/1841/513 1842/1842/513
f 1843/1843/513 1844/1844/513 1841/1841/513
f 1840/1840/513 1845/1845/513 1839/1837/513
f 1845/1845/513 1846/1846/513 1839/1837/513
f 1849/1847/521 1848/1848/521 1847/1849/522
f 1847/1849/522 1850/1850/522 1849/1847/521
f 1851/1851/523 1850/1850/522 1847/1849/522
f 1847/1849/522 1852/1852/524 1851/1851/523
f 1853/1853/325 1851/1851/523 1852/1852/524
f 1852/1852/524 1854/1854/325 1853/1853/325
f 1855/1855/525 1848/1848/521 1849/1847/521
f 1849/1847/521 1856/1856/525 1855/1855/525
f 1855/1855/525 1856/1856/525 1857/1857/475
f 1857/1857/475 1858/1858/475 1855/1855/525
f 1861/1859/526 1860/1860/527 1859/1861/527
f 1859/1861/527 1862/1862/526 1861/1859/526
f 1863/1863/325 1859/1861/527 1860/1860/527
f 1860/1860/527 1864/1864/325 1863/1863/325
f 1865/1865/475 1861/1859/526 1862/1862/526
f 1862/1862/526 1866/1866/475 1865/1865/475
f 1869/1867/118 1868/1868/114 1867/1869/528
f 1867/1869/528 1870/1870/529 1869/1867/118
f 1868/1868/114 1869/1867/118 1871/1871/363
f 1871/1871/363 1872/1872/363 1868/1868/114
f 1873/1873/299 1872/1872/363 1871/1871/363
f 1871/1871/363 1874/1874/224 1873/1873/299
f 1875/1875/279 1870/1870/529 1867/1869/528
f 1867/1869/528 1876/1876/530 1875/1875/279
f 1879/1877/284 1878/1878/284 1877/1879/284
f 1879/1877/284 1877/1879/284 1880/1880/284
f 1879/1877/284 1881/1881/284 1878/1878/284
f 1878/1878/284 1882/1882/221 1877/1879/284
f 1878/1878/284 1883/1883/221 1882/1882/221
f 1886/1884/75 1885/1885/75 1884/1886/75
f 1884/1886/75 1887/1887/75 1886/1884/75
f 1888/1888/75 1884/1886/75 1885/1885/75
f 1885/1885/75 1886/1884/75 1889/1889/75
f 1889/1889/75 1890/1890/75 1885/1885/75
f 1893/1891/114 1892/1892/118 1891/1893/118
f 1891/1893/118 1894/1894/114 1893/1891/114
f 1891/1893/118 1892/1892/118 1895/1895/118
f 1896/1896/177 1891/1893/118 1895/1895/118
f 1896/1896/177 1897/1897/113 1891/1893/118
f 1898/1898/114 1895/1895/118 1892/1892/118
f 1901/1899/531 1900/1900/75 1899/1901/75
f 1899/1901/75 1902/1902/532 1901/1899/531
f 1903/1903/533 1901/1899/531 1902/1902/532
f 1901/1899/531 1903/1903/533 1904/1904/534
f 1907/1905/221 1906/1906/535 1905/1907/221
f 1906/1906/535 1908/1908/52 1905/1907/221
f 1908/1908/52 1906/1906/535 1909/1909/536
f 1909/1909/536 1910/1910/537 1908/1908/52
f 1913/1911/371 1912/1912/538 1911/1913/539
f 1911/1913/539 1914/1914/6 1913/1911/371
f 1915/1915/366 1913/1911/371 1914/1914/6
f 1914/1914/6 1916/1916/366 1915/1915/366
f 1915/1915/366 1916/1916/366 1917/1917/224
f 1917/1917/224 1918/1918/254 1915/1915/366
f 1911/1913/539 1912/1912/538 1919/1919/303
f 1920/1920/540 1911/1913/539 1919/1919/303
f 1923/1921/284 1922/1922/284 1921/1923/284
f 1924/1924/284 1921/1923/284 1922/1922/284
f 1925/1925/284 1922/1922/284 1923/1921/284
f 1921/1923/284 1926/1926/221 1923/1921/284
f 1926/1926/221 1927/1927/221 1923/1921/284
f 1930/1928/75 1929/1929/75 1928/1930/75
f 1928/1930/75 1931/1931/75 1930/1928/75
f 1928/1930/75 1932/1932/75 1931/1931/75
f 1933/1933/75 1930/1928/75 1931/1931/75
f 1931/1931/75 1934/1934/75 1933/1933/75
f 1937/1935/12 1936/1936/12 1935/1937/12
f 1935/1937/12 1938/1938/12 1937/1935/12
f 1939/1939/12 1938/1938/12 1935/1937/12
f 1939/1939/12 1935/1937/12 1940/1940/94
f 1941/1941/94 1940/1940/94 1935/1937/12
f 1942/1942/6 1938/1938/12 1939/1939/12
f 1945/1943/541 1944/1944/532 1943/1945/75
f 1943/1945/75 1946/1946/75 1945/1943/541
f 1947/1947/533 1944/1944/532 1945/1943/541
f 1948/1948/542 1947/1947/533 1945/1943/541
f 1951/1949/543 1950/1950/221 1949/1951/373
f 1951/1949/543 1949/1951/373 1952/1952/52
f 1952/1952/52 1953/1953/544 1951/1949/543
f 1952/1952/52 1954/1954/545 1953/1953/544
f 1957/1955/192 1956/1956/192 1955/1957/192
f 1955/1957/192 1958/1958/192 1957/1955/192
f 1959/1959/192 1957/1955/192 1958/1958/192
f 1962/1960/546 1961/1961/547 1960/1962/548
f 1960/1962/548 1963/1963/549 1962/1960/546
f 1966/1964/550 1965/1965/550 1964/1966/550
f 1966/1964/550 1964/1966/550 1967/1967/550
f 1967/1967/550 1968/1968/550 1966/1964/550
f 1971/1969/12 1970/1970/12 1969/1971/12
f 1969/1971/12 1972/1972/12 1971/1969/12
f 1970/1970/12 1971/1969/12 1973/1973/94
f 1973/1973/94 1974/1974/94 1970/1970/12
f 1973/1973/94 1975/1975/12 1974/1974/94
f 1975/1975/12 1973/1973/94 1976/1976/12
f 1975/1975/12 1976/1976/12 1977/1977/12
f 1977/1977/12 1978/1978/12 1975/1975/12
f 1979/1979/94 1978/1978/12 1977/1977/12
f 1980/1980/94 1979/1979/94 1977/1977/12
f 1981/1981/15 1979/1979/94 1980/1980/94
f 1981/1981/15 1980/1980/94 1982/1982/15
f 1983/1983/12 1972/1972/12 1969/1971/12
f 1969/1971/12 1984/1984/12 1983/1983/12
f 1985/1985/6 1981/1981/15 1982/1982/15
f 1985/1985/6 1982/1982/15 1986/1986/6
f 1987/1987/12 1986/1986/6 1983/1983/12
f 1984/1984/12 1987/1987/12 1983/1983/12
f 1985/1985/6 1986/1986/6 1987/1987/12
f 1988/1988/6 1986/1986/6 1982/1982/15
f 1991/1989/551 1990/1990/551 1989/1991/552
f 1990/1990/551 1992/1992/552 1989/1991/552
f 1989/1991/552 1992/1992/552 1993/1993/553
f 1993/1993/553 1994/1994/553 1989/1991/552
f 1994/1994/553 1993/1993/553 1995/1995/554
f 1993/1993/553 1996/1996/554 1995/1995/554
f 1995/1995/554 1996/1996/554 1997/1997/555
f 1996/1996/554 1998/1998/555 1997/1997/555
f 1997/1997/555 1998/1998/555 1999/1999/556
f 1998/1998/555 2000/2000/556 1999/1999/556
f 2001/2001/99 1999/1999/556 2000/2000/556
f 2000/2000/556 2002/2002/99 2001/2001/99
f 2005/2003/118 2004/2004/118 2003/2005/118
f 2003/2005/118 2006/2006/118 2005/2003/118
f 2004/2004/118 2005/2003/118 2007/2007/114
f 2007/2007/114 2008/2008/114 2004/2004/118
f 2007/2007/114 2009/2009/177 2008/2008/114
f 2009/2009/177 2007/2007/114 2010/2010/177
f 2009/2009/177 2010/2010/177 2011/2011/118
f 2011/2011/118 2012/2012/118 2009/2009/177
f 2013/2013/177 2012/2012/118 2011/2011/118
f 2014/2014/177 2013/2013/177 2011/2011/118
f 2015/2015/177 2013/2013/177 2014/2014/177
f 2014/2014/177 2016/2016/177 2015/2015/177
f 2019/2017/398 2018/2018/557 2017/2019/557
f 2019/2017/398 2020/2020/398 2018/2018/557
f 2018/2018/557 2021/2021/558 2017/2019/557
f 2017/2019/557 2021/2021/558 2022/2022/558
f 2023/2023/347 2020/2020/398 2019/2017/398
f 2019/2017/398 2024/2024/347 2023/2023/347
f 2021/2021/558 2025/2025/224 2022/2022/558
f 2022/2022/558 2025/2025/224 2026/2026/313
f 2025/2025/224 2027/2027/559 2026/2026/313
f 2026/2026/313 2027/2027/559 2028/2028/560
f 2029/2029/561 2028/2028/560 2027/2027/559
f 2027/2027/559 2030/2030/561 2029/2029/561
f 2031/2031/562 2029/2029/561 2030/2030/561
f 2030/2030/561 2032/2032/563 2031/2031/562
f 2031/2031/562 2032/2032/563 2033/2033/564
f 2033/2033/564 2034/2034/564 2031/2031/562
f 2034/2034/564 2033/2033/564 2035/2035/565
f 2035/2035/565 2036/2036/566 2034/2034/564
f 2037/2037/566 2023/2023/347 2024/2024/347
f 2024/2024/347 2038/2038/567 2037/2037/566
f 2041/2039/568 2040/2040/568 2039/2041/569
f 2039/2041/569 2042/2042/164 2041/2039/568
f 2039/2041/569 2043/2043/570 2042/2042/164
f 2043/2043/570 2039/2041/569 2044/2044/564
f 2045/2045/566 2043/2043/570 2044/2044/564
f 2044/2044/564 2046/2046/192 2045/2045/566
f 2046/2046/192 2047/2047/346 2045/2045/566
f 2048/2048/346 2045/2045/566 2047/2047/346
f 2048/2048/346 2047/2047/346 2049/2049/571
f 2049/2049/571 2050/2050/571 2048/2048/346
f 2050/2050/571 2049/2049/571 2051/2051/572
f 2051/2051/572 2052/2052/572 2050/2050/571
f 2055/2053/192 2054/2054/192 2053/2055/192
f 2053/2055/192 2056/2056/192 2055/2053/192
f 2055/2053/192 2057/2057/192 2054/2054/192
f 2060/2058/548 2059/2059/549 2058/2060/548
f 2058/2060/548 2061/2061/548 2060/2058/548
f 2064/2062/550 2063/2063/550 2062/2064/550
f 2065/2065/550 2062/2064/550 2063/2063/550
f 2063/2063/550 2066/2066/550 2065/2065/550
f 2069/2067/118 2068/2068/118 2067/2069/118
f 2067/2069/118 2070/2070/118 2069/2067/118
f 2071/2071/118 2067/2069/118 2068/2068/118
f 2068/2068/118 2072/2072/118 2071/2071/118
f 2072/2072/118 2073/2073/118 2071/2071/118
f 2071/2071/118 2073/2073/118 2074/2074/118
f 2075/2075/118 2074/2074/118 2073/2073/118
f 2073/2073/118 2076/2076/118 2075/2075/118
f 2075/2075/118 2076/2076/118 2077/2077/177
f 2077/2077/177 2078/2078/177 2075/2075/118
f 2077/2077/177 2079/2079/113 2078/2078/177
f 2080/2080/113 2078/2078/177 2079/2079/113
f 2070/2070/118 2081/2081/118 2069/2067/118
f 2082/2082/118 2069/2067/118 2081/2081/118
f 2080/2080/113 2079/2079/113 2083/2083/114
f 2084/2084/114 2080/2080/113 2083/2083/114
f 2084/2084/114 2085/2085/118 2081/2081/118
f 2085/2085/118 2082/2082/118 2081/2081/118
f 2084/2084/114 2083/2083/114 2085/2085/118
f 2084/2084/114 2086/2086/114 2080/2080/113
f 2089/2087/552 2088/2088/551 2087/2089/551
f 2087/2089/551 2090/2090/552 2089/2087/552
f 2091/2091/553 2089/2087/552 2090/2090/552
f 2090/2090/552 2092/2092/553 2091/2091/553
f 2093/2093/554 2091/2091/553 2092/2092/553
f 2091/2091/553 2093/2093/554 2094/2094/573
f 2095/2095/555 2094/2094/573 2093/2093/554
f 2093/2093/554 2096/2096/574 2095/2095/555
f 2095/2095/555 2096/2096/574 2097/2097/556
f 2097/2097/556 2098/2098/556 2095/2095/555
f 2099/2099/99 2098/2098/556 2097/2097/556
f 2099/2099/99 2100/2100/99 2098/2098/556
f 2103/2101/12 2102/2102/12 2101/2103/12
f 2101/2103/12 2104/2104/12 2103/2101/12
f 2105/2105/94 2101/2103/12 2102/2102/12
f 2102/2102/12 2106/2106/12 2105/2105/94
f 2106/2106/12 2107/2107/94 2105/2105/94
f 2105/2105/94 2107/2107/94 2108/2108/94
f 2109/2109/94 2108/2108/94 2107/2107/94
f 2107/2107/94 2110/2110/94 2109/2109/94
f 2109/2109/94 2110/2110/94 2111/2111/94
f 2111/2111/94 2112/2112/94 2109/2109/94
f 2111/2111/94 2113/2113/94 2112/2112/94
f 2114/2114/94 2112/2112/94 2113/2113/94
f 2117/2115/398 2116/2116/557 2115/2117/557
f 2115/2117/557 2118/2118/399 2117/2115/398
f 2115/2117/557 2116/2116/557 2119/2119/575
f 2116/2116/557 2120/2120/575 2119/2119/575
f 2117/2115/398 2118/2118/399 2121/2121/347
f 2121/2121/347 2122/2122/347 2117/2115/398
f 2119/2119/575 2120/2120/575 2123/2123/224
f 2120/2120/575 2124/2124/313 2123/2123/224
f 2123/2123/224 2124/2124/313 2125/2125/275
f 2124/2124/313 2126/2126/576 2125/2125/275
f 2125/2125/275 2126/2126/576 2127/2127/561
f 2127/2127/561 2128/2128/561 2125/2125/275
f 2128/2128/561 2127/2127/561 2129/2129/577
f 2129/2129/577 2130/2130/578 2128/2128/561
f 2131/2131/564 2130/2130/578 2129/2129/577
f 2131/2131/564 2129/2129/577 2132/2132/564
f 2133/2133/579 2131/2131/564 2132/2132/564
f 2133/2133/579 2132/2132/564 2134/2134/277
f 2122/2122/347 2121/2121/347 2135/2135/567
f 2135/2135/567 2136/2136/566 2122/2122/347
f 2139/2137/164 2138/2138/568 2137/2139/568
f 2137/2139/568 2140/2140/80 2139/2137/164
f 2140/2140/80 2141/2141/570 2139/2137/164
f 2141/2141/570 2142/2142/564 2139/2137/164
f 2142/2142/564 2141/2141/570 2143/2143/277
f 2143/2143/277 2144/2144/580 2142/2142/564
f 2145/2145/346 2144/2144/580 2143/2143/277
f 2145/2145/346 2143/2143/277 2146/2146/346
f 2147/2147/571 2145/2145/346 2146/2146/346
f 2146/2146/346 2148/2148/581 2147/2147/571
f 2149/2149/572 2147/2147/571 2148/2148/581
f 2150/2150/582 2149/2149/572 2148/2148/581
f 2153/2151/583 2152/2152/583 2151/2153/584
f 2151/2153/584 2154/2154/584 2153/2151/583
f 2152/2152/583 2153/2151/583 2155/2155/585
f 2155/2155/585 2156/2156/585 2152/2152/583
f 2157/2157/586 2154/2154/584 2151/2153/584
f 2151/2153/584 2158/2158/586 2157/2157/586
f 2161/2159/446 2160/2160/445 2159/2161/587
f 2159/2161/587 2162/2162/587 2161/2159/446
f 2163/2163/588 2160/2160/445 2161/2159/446
f 2161/2159/446 2164/2164/588 2163/2163/588
f 2165/2165/589 2163/2163/588 2164/2164/588
f 2165/2165/589 2166/2166/589 2163/2163/588
f 2166/2166/589 2165/2165/589 2167/2167/224
f 2166/2166/589 2167/2167/224 2168/2168/224
f 2171/2169/495 2170/2170/495 2169/2171/495
f 2169/2171/495 2172/2172/495 2171/2169/495
f 2175/2173/590 2174/2174/591 2173/2175/591
f 2175/2173/590 2176/2176/592 2174/2174/591
f 2177/2177/192 2176/2176/592 2175/2173/590
f 2175/2173/590 2178/2178/192 2177/2177/192
f 2179/2179/254 2173/2175/591 2174/2174/591
f 2174/2174/591 2180/2180/254 2179/2179/254
f 2183/2181/75 2182/2182/75 2181/2183/75
f 2184/2184/75 2182/2182/75 2183/2181/75
f 2183/2181/75 2185/2185/75 2184/2184/75
f 2181/2183/75 2186/2186/276 2183/2181/75
f 2181/2183/75 2187/2187/276 2186/2186/276
f 2188/2188/75 2186/2186/276 2187/2187/276
f 2189/2189/75 2186/2186/276 2188/2188/75
f 2188/2188/75 2190/2190/276 2189/2189/75
f 2188/2188/75 2191/2191/276 2190/2190/276
f 2190/2190/276 2191/2191/276 2192/2192/276
f 2188/2188/75 2193/2193/75 2191/2191/276
f 2188/2188/75 2194/2194/75 2193/2193/75
f 2195/2195/75 2194/2194/75 2188/2188/75
f 2198/2196/221 2197/2197/221 2196/2198/221
f 2199/2199/221 2196/2198/221 2197/2197/221
f 2196/2198/221 2199/2199/221 2200/2200/221
f 2198/2196/221 2196/2198/221 2201/2201/284
f 2201/2201/284 2202/2202/284 2198/2196/221
f 2202/2202/284 2201/2201/284 2203/2203/221
f 2204/2204/221 2203/2203/221 2201/2201/284
f 2204/2204/221 2201/2201/284 2205/2205/221
f 2205/2205/221 2206/2206/221 2204/2204/221
f 2207/2207/221 2204/2204/221 2206/2206/221
f 2204/2204/221 2208/2208/221 2203/2203/221
f 2208/2208/221 2209/2209/221 2203/2203/221
f 2210/2210/221 2203/2203/221 2209/2209/221
f 2213/2211/177 2212/2212/118 2211/2213/114
f 2212/2212/118 2214/2214/114 2211/2213/114
f 2213/2211/177 2215/2215/177 2212/2212/118
f 2215/2215/177 2216/2216/177 2212/2212/118
f 2217/2217/114 2211/2213/114 2214/2214/114
f 2214/2214/114 2218/2218/114 2217/2217/114
f 2221/2219/211 2220/2220/487 2219/2221/324
f 2220/2220/487 2222/2222/269 2219/2221/324
f 2222/2222/269 2223/2223/293 2219/2221/324
f 2223/2223/293 2224/2224/282 2219/2221/324
f 2227/2225/75 2226/2226/75 2225/2227/75
f 2226/2226/75 2227/2225/75 2228/2228/75
f 2228/2228/75 2229/2229/75 2226/2226/75
f 2229/2229/75 2230/2230/75 2226/2226/75
f 2231/2231/75 2230/2230/75 2229/2229/75
f 2234/2232/593 2233/2233/594 2232/2234/595
f 2232/2234/595 2235/2235/596 2234/2232/593
f 2233/2233/594 2234/2232/593 2236/2236/363
f 2236/2236/363 2237/2237/597 2233/2233/594
f 2238/2238/598 2237/2237/597 2236/2236/363
f 2236/2236/363 2239/2239/224 2238/2238/598
f 2240/2240/260 2232/2234/595 2233/2233/594
f 2233/2233/594 2241/2241/374 2240/2240/260
f 2241/2241/374 2233/2233/594 2242/2242/599
f 2237/2237/597 2242/2242/599 2233/2233/594
f 2242/2242/599 2237/2237/597 2238/2238/598
f 2238/2238/598 2243/2243/600 2242/2242/599
f 2244/2244/601 2240/2240/260 2241/2241/374
f 2240/2240/260 2244/2244/601 2245/2245/192
f 2245/2245/192 2246/2246/602 2240/2240/260
f 2247/2247/603 2240/2240/260 2246/2246/602
f 2232/2234/595 2240/2240/260 2247/2247/603
f 2246/2246/602 2248/2248/604 2247/2247/603
f 2241/2241/374 2249/2249/114 2244/2244/601
f 2249/2249/114 2241/2241/374 2242/2242/599
f 2242/2242/599 2250/2250/605 2249/2249/114
f 2250/2250/605 2242/2242/599 2243/2243/600
f 2243/2243/600 2251/2251/224 2250/2250/605
f 2232/2234/595 2247/2247/603 2252/2252/606
f 2252/2252/606 2235/2235/596 2232/2234/595
f 2255/2253/607 2254/2254/608 2253/2255/608
f 2253/2255/608 2256/2256/607 2255/2253/607
f 2257/2257/609 2255/2253/607 2256/2256/607
f 2256/2256/607 2258/2258/609 2257/2257/609
f 2253/2255/608 2254/2254/608 2259/2259/610
f 2253/2255/608 2259/2259/610 2260/2260/610
f 2263/2261/391 2262/2262/611 2261/2263/611
f 2261/2263/611 2264/2264/391 2263/2261/391
f 2263/2261/391 2264/2264/391 2265/2265/612
f 2265/2265/612 2266/2266/612 2263/2261/391
f 2267/2267/613 2266/2266/612 2265/2265/612
f 2265/2265/612 2268/2268/614 2267/2267/613
f 2267/2267/613 2268/2268/614 2269/2269/224
f 2270/2270/224 2269/2269/224 2268/2268/614
f 2273/2271/615 2272/2272/615 2271/2273/615
f 2271/2273/615 2274/2274/615 2273/2271/615
f 2277/2275/616 2276/2276/617 2275/2277/616
f 2278/2278/617 2276/2276/617 2277/2275/616
f 2276/2276/617 2278/2278/617 2279/2279/192
f 2279/2279/192 2280/2280/192 2276/2276/617
f 2281/2281/254 2277/2275/616 2275/2277/616
f 2281/2281/254 2282/2282/254 2277/2275/616
f 2285/2283/75 2284/2284/75 2283/2285/75
f 2285/2283/75 2283/2285/75 2286/2286/75
f 2286/2286/75 2287/2287/75 2285/2283/75
f 2288/2288/276 2284/2284/75 2285/2283/75
f 2289/2289/276 2284/2284/75 2288/2288/276
f 2288/2288/276 2290/2290/75 2289/2289/276
f 2291/2291/276 2290/2290/75 2288/2288/276
f 2291/2291/276 2292/2292/75 2290/2290/75
f 2292/2292/75 2293/2293/75 2290/2290/75
f 2293/2293/75 2294/2294/75 2290/2290/75
f 2291/2291/276 2288/2288/276 2295/2295/75
f 2295/2295/75 2296/2296/276 2291/2291/276
f 2291/2291/276 2296/2296/276 2297/2297/276
f 2300/2298/221 2299/2299/221 2298/2300/221
f 2301/2301/221 2300/2298/221 2298/2300/221
f 2302/2302/221 2301/2301/221 2298/2300/221
f 2303/2303/284 2298/2300/221 2299/2299/221
f 2299/2299/221 2304/2304/284 2303/2303/284
f 2303/2303/284 2304/2304/284 2305/2305/221
f 2306/2306/221 2303/2303/284 2305/2305/221
f 2307/2307/221 2303/2303/284 2306/2306/221
f 2306/2306/221 2308/2308/221 2307/2307/221
f 2306/2306/221 2309/2309/221 2308/2308/221
f 2305/2305/221 2310/2310/221 2306/2306/221
f 2311/2311/221 2310/2310/221 2305/2305/221
f 2305/2305/221 2312/2312/221 2311/2311/221
f 2315/2313/6 2314/2314/94 2313/2315/94
f 2315/2313/6 2316/2316/6 2314/2314/94
f 2314/2314/94 2317/2317/94 2313/2315/94
f 2317/2317/94 2314/2314/94 2318/2318/94
f 2316/2316/6 2315/2313/6 2319/2319/6
f 2319/2319/6 2320/2320/6 2316/2316/6
f 2323/2321/211 2322/2322/618 2321/2323/619
f 2321/2323/619 2324/2324/243 2323/2321/211
f 2322/2322/618 2325/2325/221 2321/2323/619
f 2325/2325/221 2322/2322/618 2326/2326/282
f 2329/2327/75 2328/2328/75 2327/2329/75
f 2330/2330/75 2328/2328/75 2329/2327/75
f 2329/2327/75 2331/2331/75 2330/2330/75
f 2331/2331/75 2329/2327/75 2332/2332/75
f 2332/2332/75 2333/2333/75 2331/2331/75
f 2336/2334/12 2335/2335/620 2334/2336/621
f 2334/2336/621 2337/2337/622 2336/2334/12
f 2338/2338/366 2336/2334/12 2337/2337/622
f 2337/2337/622 2339/2339/623 2338/2338/366
f 2340/2340/598 2338/2338/366 2339/2339/623
f 2340/2340/598 2341/2341/624 2338/2338/366
f 2337/2337/622 2334/2336/621 2342/2342/625
f 2342/2342/625 2343/2343/433 2337/2337/622
f 2344/2344/626 2337/2337/622 2343/2343/433
f 2337/2337/622 2344/2344/626 2339/2339/623
f 2340/2340/598 2339/2339/623 2344/2344/626
f 2344/2344/626 2345/2345/600 2340/2340/598
f 2343/2343/433 2342/2342/625 2346/2346/627
f 2347/2347/192 2346/2346/627 2342/2342/625
f 2342/2342/625 2348/2348/602 2347/2347/192
f 2348/2348/602 2342/2342/625 2349/2349/628
f 2342/2342/625 2334/2336/621 2349/2349/628
f 2349/2349/628 2350/2350/604 2348/2348/602
f 2346/2346/627 2351/2351/6 2343/2343/433
f 2344/2344/626 2343/2343/433 2351/2351/6
f 2351/2351/6 2352/2352/629 2344/2344/626
f 2353/2353/224 2344/2344/626 2352/2352/629
f 2353/2353/224 2345/2345/600 2344/2344/626
f 2334/2336/621 2354/2354/630 2349/2349/628
f 2334/2336/621 2335/2335/620 2354/2354/630
f 2357/2355/249 2356/2356/199 2355/2357/631
f 2355/2357/631 2358/2358/632 2357/2355/249
f 2359/2359/633 2357/2355/249 2358/2358/632
f 2358/2358/632 2360/2360/210 2359/2359/633
f 2359/2359/633 2360/2360/210 2361/2361/313
f 2362/2362/313 2359/2359/633 2361/2361/313
f 2363/2363/122 2356/2356/199 2357/2355/249
f 2364/2364/634 2357/2355/249 2359/2359/633
f 2357/2355/249 2364/2364/634 2363/2363/122
f 2358/2358/632 2355/2357/631 2365/2365/635
f 2365/2365/635 2355/2357/631 2366/2366/636
f 2355/2357/631 2356/2356/199 2366/2366/636
f 2366/2366/636 2356/2356/199 2367/2367/637
f 2367/2367/637 2356/2356/199 2363/2363/122
f 2367/2367/637 2368/2368/638 2366/2366/636
f 2365/2365/635 2366/2366/636 2369/2369/199
f 2369/2369/199 2366/2366/636 2370/2370/639
f 2366/2366/636 2368/2368/638 2370/2370/639
f 2359/2359/633 2371/2371/640 2364/2364/634
f 2371/2371/640 2359/2359/633 2362/2362/313
f 2374/2372/277 2373/2373/277 2372/2374/277
f 2373/2373/277 2374/2372/277 2375/2375/277
f 2376/2376/277 2372/2374/277 2373/2373/277
f 2379/2377/221 2378/2378/221 2377/2379/221
f 2379/2377/221 2377/2379/221 2380/2380/221
f 2381/2381/221 2379/2377/221 2380/2380/221
f 2381/2381/221 2382/2382/221 2379/2377/221
f 2382/2382/221 2381/2381/221 2383/2383/221
f 2386/2384/276 2385/2385/276 2384/2386/276
f 2386/2384/276 2384/2386/276 2387/2387/276
f 2386/2384/276 2387/2387/276 2388/2388/276
f 2391/2389/641 2390/2390/642 2389/2391/215
f 2389/2391/215 2392/2392/643 2391/2389/641
f 2392/2392/643 2389/2391/215 2393/2393/644
f 2393/2393/644 2394/2394/242 2392/2392/643
f 2393/2393/644 2395/2395/313 2394/2394/242
f 2395/2395/313 2393/2393/644 2396/2396/313
f 2390/2390/642 2397/2397/19 2389/2391/215
f 2397/2397/19 2398/2398/645 2389/2391/215
f 2398/2398/645 2393/2393/644 2389/2391/215
f 2391/2389/641 2392/2392/643 2399/2399/646
f 2391/2389/641 2400/2400/647 2390/2390/642
f 2400/2400/647 2391/2389/641 2399/2399/646
f 2401/2401/648 2390/2390/642 2400/2400/647
f 2401/2401/648 2397/2397/19 2390/2390/642
f 2402/2402/649 2401/2401/648 2400/2400/647
f 2400/2400/647 2399/2399/646 2403/2403/642
f 2400/2400/647 2403/2403/642 2404/2404/650
f 2404/2404/650 2402/2402/649 2400/2400/647
f 2398/2398/645 2405/2405/640 2393/2393/644
f 2405/2405/640 2396/2396/313 2393/2393/644
f 2408/2406/277 2407/2407/277 2406/2408/277
f 2409/2409/277 2408/2406/277 2406/2408/277
f 2409/2409/277 2410/2410/277 2408/2406/277
f 2413/2411/221 2412/2412/221 2411/2413/221
f 2411/2413/221 2412/2412/221 2414/2414/221
f 2414/2414/221 2412/2412/221 2415/2415/221
f 2415/2415/221 2412/2412/221 2416/2416/221
f 2416/2416/221 2417/2417/221 2415/2415/221
f 2420/2418/276 2419/2419/276 2418/2420/281
f 2418/2420/281 2419/2419/276 2421/2421/276
f 2421/2421/276 2419/2419/276 2422/2422/276
f 2425/2423/651 2424/2424/5 2423/2425/94
f 2423/2425/94 2426/2426/94 2425/2423/651
f 2424/2424/5 2425/2423/651 2427/2427/652
f 2427/2427/652 2428/2428/652 2424/2424/5
f 2429/2429/94 2423/2425/94 2424/2424/5
f 2432/2430/653 2431/2431/654 2430/2432/654
f 2430/2432/654 2433/2433/653 2432/2430/653
f 2430/2432/654 2431/2431/654 2434/2434/655
f 2434/2434/655 2435/2435/656 2430/2432/654
f 2435/2435/656 2434/2434/655 2436/2436/656
f 2436/2436/656 2437/2437/657 2435/2435/656
f 2438/2438/477 2435/2435/656 2437/2437/657
f 2438/2438/477 2437/2437/657 2439/2439/477
f 2442/2440/658 2441/2441/659 2440/2442/659
f 2443/2443/659 2442/2440/658 2440/2442/659
f 2443/2443/659 2440/2442/659 2444/2444/660
f 2444/2444/660 2445/2445/659 2443/2443/659
f 2446/2446/660 2444/2444/660 2440/2442/659
f 2449/2447/661 2448/2448/662 2447/2449/661
f 2450/2450/662 2448/2448/662 2449/2447/661
f 2451/2451/663 2447/2449/661 2448/2448/662
f 2450/2450/662 2452/2452/662 2448/2448/662
f 2447/2449/661 2453/2453/664 2449/2447/661
f 2453/2453/664 2447/2449/661 2454/2454/665
f 2457/2455/666 2456/2456/667 2455/2457/652
f 2455/2457/652 2458/2458/668 2457/2455/666
f 2456/2456/667 2457/2455/666 2459/2459/669
f 2460/2460/670 2456/2456/667 2459/2459/669
f 2460/2460/670 2461/2461/671 2456/2456/667
f 2455/2457/652 2456/2456/667 2461/2461/671
f 2460/2460/670 2462/2462/672 2461/2461/671
f 2461/2461/671 2462/2462/672 2463/2463/673
f 2463/2463/673 2464/2464/674 2461/2461/671
f 2461/2461/671 2464/2464/674 2455/2457/652
f 2465/2465/675 2464/2464/674 2463/2463/673
f 2464/2464/674 2465/2465/675 2466/2466/6
f 2466/2466/6 2455/2457/652 2464/2464/674
f 2458/2458/668 2455/2457/652 2466/2466/6
f 2467/2467/94 2466/2466/6 2465/2465/675
f 2465/2465/675 2468/2468/676 2467/2467/94
f 2458/2458/668 2466/2466/6 2469/2469/677
f 2466/2466/6 2467/2467/94 2470/2470/18
f 2470/2470/18 2469/2469/677 2466/2466/6
f 2473/2471/5 2472/2472/94 2471/2473/678
f 2471/2473/678 2474/2474/679 2473/2471/5
f 2475/2475/680 2474/2474/679 2471/2473/678
f 2471/2473/678 2476/2476/681 2475/2475/680
f 2472/2472/94 2473/2471/5 2477/2477/682
f 2477/2477/682 2473/2471/5 2478/2478/683
f 2479/2479/684 2478/2478/683 2473/2471/5
f 2477/2477/682 2478/2478/683 2480/2480/683
f 2477/2477/682 2480/2480/683 2481/2481/510
f 2482/2482/511 2477/2477/682 2481/2481/510
f 2481/2481/510 2483/2483/506 2482/2482/511
f 2481/2481/510 2480/2480/683 2484/2484/685
f 2481/2481/510 2484/2484/685 2485/2485/12
f 2486/2486/641 2481/2481/510 2485/2485/12
f 2486/2486/641 2485/2485/12 2487/2487/679
f 2488/2488/679 2486/2486/641 2487/2487/679
f 2487/2487/679 2489/2489/686 2488/2488/679
f 2489/2489/686 2487/2487/679 2490/2490/686
f 2493/2491/88 2492/2492/88 2491/2493/88
f 2492/2492/88 2493/2491/88 2494/2494/89
f 2494/2494/89 2495/2495/88 2492/2492/88
f 2496/2496/88 2495/2495/88 2494/2494/89
f 2494/2494/89 2497/2497/89 2496/2496/88
f 2496/2496/88 2497/2497/89 2498/2498/687
f 2501/2499/688 2500/2500/177 2499/2501/689
f 2502/2502/177 2499/2501/689 2500/2500/177
f 2499/2501/689 2503/2503/680 2501/2499/688
f 2503/2503/680 2504/2504/681 2501/2499/688
f 2500/2500/177 2505/2505/690 2502/2502/177
f 2506/2506/691 2502/2502/177 2505/2505/690
f 2506/2506/691 2505/2505/690 2507/2507/692
f 2507/2507/692 2508/2508/693 2506/2506/691
f 2503/2503/680 2499/2501/689 2509/2509/501
f 2509/2509/501 2499/2501/689 2510/2510/501
f 2513/2511/75 2512/2512/75 2511/2513/75
f 2513/2511/75 2514/2514/75 2512/2512/75
f 2517/2515/555 2516/2516/555 2515/2517/555
f 2516/2516/555 2518/2518/555 2515/2517/555
f 2521/2519/552 2520/2520/552 2519/2521/552
f 2519/2521/552 2522/2522/552 2521/2519/552
f 2525/2523/221 2524/2524/221 2523/2525/221
f 2523/2525/221 2526/2526/221 2525/2523/221
f 2529/2527/694 2528/2528/694 2527/2529/694
f 2528/2528/694 2530/2530/694 2527/2529/694
f 2533/2531/695 2532/2532/695 2531/2533/695
f 2531/2533/695 2534/2534/695 2533/2531/695
f 2537/2535/94 2536/2536/94 2535/2537/94
f 2537/2535/94 2535/2537/94 2538/2538/94
f 2537/2535/94 2538/2538/94 2539/2539/12
f 2539/2539/12 2540/2540/12 2537/2535/94
f 2543/2541/696 2542/2542/696 2541/2543/697
f 2541/2543/697 2544/2544/697 2543/2541/696
f 2544/2544/697 2541/2543/697 2545/2545/698
f 2545/2545/698 2546/2546/698 2544/2544/697
f 2547/2547/699 2546/2546/698 2545/2545/698
f 2545/2545/698 2548/2548/700 2547/2547/699
f 2547/2547/699 2548/2548/700 2549/2549/568
f 2549/2549/568 2550/2550/568 2547/2547/699
f 2551/2551/701 2550/2550/568 2549/2549/568
f 2549/2549/568 2552/2552/701 2551/2551/701
f 2552/2552/701 2553/2553/451 2551/2551/701
f 2553/2553/451 2552/2552/701 2554/2554/451
f 2543/2541/696 2555/2555/43 2542/2542/696
f 2556/2556/43 2555/2555/43 2543/2541/696
f 2559/2557/702 2558/2558/703 2557/2559/702
f 2558/2558/703 2560/2560/703 2557/2559/702
f 2559/2557/702 2557/2559/702 2561/2561/702
f 2561/2561/702 2562/2562/702 2559/2557/702
f 2562/2562/702 2561/2561/702 2563/2563/702
f 2563/2563/702 2564/2564/702 2562/2562/702
f 2567/2565/704 2566/2566/90 2565/2567/705
f 2565/2567/705 2568/2568/705 2567/2565/704
f 2566/2566/90 2567/2565/704 2569/2569/434
f 2569/2569/434 2570/2570/375 2566/2566/90
f 2571/2571/706 2570/2570/375 2569/2569/434
f 2570/2570/375 2571/2571/706 2572/2572/706
f 2575/2573/94 2574/2574/94 2573/2575/12
f 2574/2574/94 2576/2576/12 2573/2575/12
f 2577/2577/94 2574/2574/94 2575/2573/94
f 2573/2575/12 2576/2576/12 2578/2578/94
f 2573/2575/12 2578/2578/94 2579/2579/12
f 2579/2579/12 2578/2578/94 2580/2580/94
f 2574/2574/94 2577/2577/94 2580/2580/94
f 2579/2579/12 2580/2580/94 2581/2581/94
f 2582/2582/94 2580/2580/94 2577/2577/94
f 2582/2582/94 2581/2581/94 2580/2580/94
f 2585/2583/113 2584/2584/177 2583/2585/118
f 2585/2583/113 2583/2585/118 2586/2586/114
f 2587/2587/113 2584/2584/177 2585/2583/113
f 2585/2583/113 2588/2588/113 2587/2587/113
f 2589/2589/114 2587/2587/113 2588/2588/113
f 2588/2588/113 2590/2590/114 2589/2589/114
f 2586/2586/114 2583/2585/118 2591/2591/114
f 2591/2591/114 2583/2585/118 2589/2589/114
f 2589/2589/114 2592/2592/114 2591/2591/114
f 2592/2592/114 2589/2589/114 2590/2590/114
f 2595/2593/419 2594/2594/419 2593/2595/707
f 2593/2595/707 2596/2596/707 2595/2593/419
f 2597/2597/358 2596/2596/707 2593/2595/707
f 2598/2598/358 2597/2597/358 2593/2595/707
f 2599/2599/708 2594/2594/419 2595/2593/419
f 2599/2599/708 2595/2593/419 2600/2600/708
f 2601/2601/708 2597/2597/358 2598/2598/358
f 2598/2598/358 2602/2602/708 2601/2601/708
f 2605/2603/15 2604/2604/15 2603/2605/94
f 2603/2605/94 2606/2606/94 2605/2603/15
f 2604/2604/15 2605/2603/15 2607/2607/6
f 2605/2603/15 2608/2608/6 2607/2607/6
f 2609/2609/12 2606/2606/94 2603/2605/94
f 2607/2607/6 2608/2608/6 2610/2610/12
f 2610/2610/12 2606/2606/94 2609/2609/12
f 2609/2609/12 2611/2611/12 2610/2610/12
f 2610/2610/12 2611/2611/12 2607/2607/6
f 2614/2612/356 2613/2613/356 2612/2614/707
f 2612/2614/707 2615/2615/709 2614/2612/356
f 2615/2615/709 2612/2614/707 2616/2616/710
f 2616/2616/710 2617/2617/710 2615/2615/709
f 2617/2617/710 2616/2616/710 2618/2618/330
f 2618/2618/330 2619/2619/330 2617/2617/710
f 2622/2620/114 2621/2621/113 2620/2622/113
f 2623/2623/113 2620/2622/113 2621/2621/113
f 2623/2623/113 2621/2621/113 2624/2624/177
f 2621/2621/113 2625/2625/177 2624/2624/177
f 2624/2624/177 2625/2625/177 2626/2626/118
f 2626/2626/118 2627/2627/118 2624/2624/177
f 2626/2626/118 2628/2628/114 2627/2627/118
f 2626/2626/118 2622/2620/114 2628/2628/114
f 2628/2628/114 2622/2620/114 2620/2622/113
f 2631/2629/300 2630/2630/294 2629/2631/300
f 2632/2632/294 2630/2630/294 2631/2629/300
f 2630/2630/294 2632/2632/294 2633/2633/296
f 2633/2633/296 2634/2634/296 2630/2630/294
f 2634/2634/296 2633/2633/296 2635/2635/297
f 2635/2635/297 2636/2636/297 2634/2634/296
f 2635/2635/297 2637/2637/300 2636/2636/297
f 2635/2635/297 2638/2638/300 2637/2637/300
f 2641/2639/711 2640/2640/342 2639/2641/342
f 2639/2641/342 2642/2642/321 2641/2639/711
f 2639/2641/342 2640/2640/342 2643/2643/712
f 2643/2643/712 2644/2644/32 2639/2641/342
f 2645/2645/713 2641/2639/711 2642/2642/321
f 2646/2646/713 2645/2645/713 2642/2642/321
f 2647/2647/430 2644/2644/32 2643/2643/712
f 2650/2648/396 2649/2649/396 2648/2650/714
f 2648/2650/714 2651/2651/715 2650/2648/396
f 2648/2650/714 2652/2652/334 2651/2651/715
f 2652/2652/334 2648/2650/714 2653/2653/716
f 2654/2654/717 2652/2652/334 2653/2653/716
f 2655/2655/718 2654/2654/717 2653/2653/716
f 2656/2656/719 2654/2654/717 2655/2655/718
f 2655/2655/718 2657/2657/36 2656/2656/719
f 2660/2658/720 2659/2659/128 2658/2660/720
f 2658/2660/720 2661/2661/721 2660/2658/720
f 2661/2661/721 2658/2660/720 2662/2662/722
f 2661/2661/721 2662/2662/722 2663/2663/723
f 2663/2663/723 2662/2662/722 2664/2664/721
f 2663/2663/723 2664/2664/721 2665/2665/724
f 2666/2666/725 2665/2665/724 2664/2664/721
f 2666/2666/725 2664/2664/721 2667/2667/726
f 2668/2668/727 2665/2665/724 2666/2666/725
f 2669/2669/728 2665/2665/724 2668/2668/727
f 2665/2665/724 2669/2669/728 2663/2663/723
f 2670/2670/729 2668/2668/727 2666/2666/725
f 2673/2671/730 2672/2672/730 2671/2673/731
f 2671/2673/731 2674/2674/732 2673/2671/730
f 2677/2675/327 2676/2676/711 2675/2677/342
f 2676/2676/711 2678/2678/321 2675/2677/342
f 2679/2679/712 2677/2675/327 2675/2677/342
f 2675/2677/342 2680/2680/135 2679/2679/712
f 2681/2681/713 2678/2678/321 2676/2676/711
f 2678/2678/321 2681/2681/713 2682/2682/713
f 2680/2680/135 2683/2683/430 2679/2679/712
f 2686/2684/396 2685/2685/714 2684/2686/410
f 2684/2686/410 2687/2687/396 2686/2684/396
f 2684/2686/410 2685/2685/714 2688/2688/334
f 2689/2689/716 2684/2686/410 2688/2688/334
f 2690/2690/340 2689/2689/716 2688/2688/334
f 2691/2691/718 2689/2689/716 2690/2690/340
f 2690/2690/340 2692/2692/36 2691/2691/718
f 2692/2692/36 2693/2693/36 2691/2691/718
f 2696/2694/25 2695/2695/733 2694/2696/733
f 2694/2696/733 2695/2695/733 2697/2697/734
f 2698/2698/735 2694/2696/733 2697/2697/734
f 2698/2698/735 2697/2697/734 2699/2699/736
f 2700/2700/734 2698/2698/735 2699/2699/736
f 2701/2701/737 2700/2700/734 2699/2699/736
f 2701/2701/737 2702/2702/738 2700/2700/734
f 2703/2703/739 2700/2700/734 2702/2702/738
f 2701/2701/737 2704/2704/740 2702/2702/738
f 2704/2704/740 2701/2701/737 2705/2705/741
f 2701/2701/737 2699/2699/736 2705/2705/741
f 2704/2704/740 2706/2706/729 2702/2702/738
f 2709/2707/730 2708/2708/730 2707/2709/730
f 2707/2709/730 2710/2710/730 2709/2707/730
f 2713/2711/742 2712/2712/743 2711/2713/744
f 2711/2713/744 2714/2714/745 2713/2711/742
f 2713/2711/742 2715/2715/746 2712/2712/743
f 2715/2715/746 2716/2716/352 2712/2712/743
f 2714/2714/745 2711/2713/744 2717/2717/747
f 2718/2718/748 2714/2714/745 2717/2717/747
f 2717/2717/747 2719/2719/741 2718/2718/748
f 2719/2719/741 2717/2717/747 2720/2720/741
f 2723/2721/749 2722/2722/663 2721/2723/426
f 2721/2723/426 2724/2724/750 2723/2721/749
f 2722/2722/663 2723/2721/749 2725/2725/751
f 2724/2724/750 2721/2723/426 2726/2726/752
f 2726/2726/752 2721/2723/426 2727/2727/475
f 2730/2728/753 2729/2729/754 2728/2730/755
f 2728/2730/755 2731/2731/756 2730/2728/753
f 2732/2732/352 2730/2728/753 2731/2731/756
f 2731/2731/756 2733/2733/757 2732/2732/352
f 2734/2734/758 2728/2730/755 2729/2729/754
f 2729/2729/754 2735/2735/758 2734/2734/758
f 2735/2735/758 2736/2736/741 2734/2734/758
f 2736/2736/741 2737/2737/741 2734/2734/758
f 2740/2738/759 2739/2739/760 2738/2740/75
f 2738/2740/75 2741/2741/663 2740/2738/759
f 2741/2741/663 2742/2742/712 2740/2738/759
f 2738/2740/75 2739/2739/760 2743/2743/761
f 2743/2743/761 2744/2744/475 2738/2740/75
f 2747/2745/274 2746/2746/396 2745/2747/396
f 2745/2747/396 2746/2746/396 2748/2748/274
f 2747/2745/274 2749/2749/396 2746/2746/396
f 2747/2745/274 2750/2750/274 2749/2749/396
f 2751/2751/762 2750/2750/274 2747/2745/274
f 2749/2749/396 2750/2750/274 2752/2752/274
f 2750/2750/274 2751/2751/762 2752/2752/274
f 2752/2752/274 2753/2753/396 2749/2749/396
f 2756/2754/192 2755/2755/285 2754/2756/397
f 2754/2756/397 2757/2757/397 2756/2754/192
f 2760/2758/763 2759/2759/192 2758/2760/285
f 2758/2760/285 2761/2761/763 2760/2758/763
f 2762/2762/764 2760/2758/763 2761/2761/763
f 2761/2761/763 2763/2763/765 2762/2762/764
f 2766/2764/766 2765/2765/766 2764/2766/766
f 2764/2766/766 2767/2767/766 2766/2764/766
f 2766/2764/766 2767/2767/766 2768/2768/766
f 2768/2768/766 2769/2769/766 2766/2764/766
f 2772/2770/120 2771/2771/120 2770/2772/120
f 2771/2771/120 2773/2773/120 2770/2772/120
f 2776/2774/529 2775/2775/529 2774/2776/444
f 2774/2776/444 2777/2777/444 2776/2774/529
f 2774/2776/444 2778/2778/767 2777/2777/444
f 2778/2778/767 2774/2776/444 2779/2779/767
f 2782/2780/113 2781/2781/113 2780/2782/114
f 2782/2780/113 2783/2783/113 2781/2781/113
f 2781/2781/113 2783/2783/113 2784/2784/113
f 2783/2783/113 2785/2785/118 2784/2784/113
f 2788/2786/75 2787/2787/555 2786/2788/75
f 2787/2787/555 2788/2786/75 2789/2789/103
f 2790/2790/426 2786/2788/75 2787/2787/555
f 2787/2787/555 2791/2791/768 2790/2790/426
f 2792/2792/769 2787/2787/555 2789/2789/103
f 2792/2792/769 2789/2789/103 2793/2793/770
f 2794/2794/771 2787/2787/555 2792/2792/769
f 2794/2794/771 2791/2791/768 2787/2787/555
f 2792/2792/769 2793/2793/770 2795/2795/284
f 2795/2795/284 2796/2796/293 2792/2792/769
f 2797/2797/292 2792/2792/769 2796/2796/293
f 2792/2792/769 2797/2797/292 2794/2794/771
f 2798/2798/772 2796/2796/293 2795/2795/284
f 2797/2797/292 2796/2796/293 2798/2798/772
f 2795/2795/284 2799/2799/773 2798/2798/772
f 2798/2798/772 2800/2800/774 2797/2797/292
f 2788/2786/75 2786/2788/75 2801/2801/718
f 2801/2801/718 2786/2788/75 2790/2790/426
f 2801/2801/718 2802/2802/775 2788/2786/75
f 2802/2802/775 2801/2801/718 2803/2803/694
f 2803/2803/694 2804/2804/773 2802/2802/775
f 2805/2805/774 2803/2803/694 2801/2801/718
f 2801/2801/718 2806/2806/776 2805/2805/774
f 2790/2790/426 2806/2806/776 2801/2801/718
f 2809/2807/276 2808/2808/276 2807/2809/276
f 2810/2810/276 2809/2807/276 2807/2809/276
f 2811/2811/276 2809/2807/276 2810/2810/276
f 2814/2812/75 2813/2813/75 2812/2814/75
f 2812/2814/75 2815/2815/75 2814/2812/75
f 2816/2816/276 2815/2815/75 2812/2814/75
f 2812/2814/75 2817/2817/276 2816/2816/276
f 2820/2818/777 2819/2819/257 2818/2820/269
f 2818/2820/269 2821/2821/275 2820/2818/777
